timestamp,minute_index,hour_of_day,minute_of_hour,txn_count,fraud_count,suspicious_count,normal_count,avg_risk,max_velocity,total_amount,anomaly,spike_type,alert_level,running_txn_total,running_fraud_total,fraud_rate_pct,human_readable_spike
2026-05-18T15:08:00Z,0,15,8,13,2,0,11,0.1851,5,32583.24,False,none,LOW,13,2,15.38,
2026-05-18T15:09:00Z,1,15,9,11,0,1,10,0.2774,4,13699.36,False,none,LOW,24,2,8.33,
2026-05-18T15:10:00Z,2,15,10,13,0,2,11,0.1611,1,8252.55,False,none,LOW,37,2,5.41,
2026-05-18T15:11:00Z,3,15,11,6,1,0,5,0.2997,5,28557.22,False,none,LOW,43,3,6.98,
2026-05-18T15:12:00Z,4,15,12,9,0,1,8,0.2615,3,17144.22,False,none,LOW,52,3,5.77,
2026-05-18T15:13:00Z,5,15,13,11,0,1,10,0.2161,8,20453.84,False,none,LOW,63,3,4.76,
2026-05-18T15:14:00Z,6,15,14,8,1,0,7,0.1344,9,23843.24,False,none,LOW,71,4,5.63,
2026-05-18T15:15:00Z,7,15,15,10,0,0,10,0.077,3,25837.86,False,none,LOW,81,4,4.94,
2026-05-18T15:16:00Z,8,15,16,10,0,0,10,0.1405,7,13939.82,False,none,LOW,91,4,4.4,
2026-05-18T15:17:00Z,9,15,17,5,0,2,3,0.1848,6,10983.97,False,none,LOW,96,4,4.17,
2026-05-18T15:18:00Z,10,15,18,10,1,1,8,0.2382,2,23444.94,False,none,LOW,106,5,4.72,
2026-05-18T15:19:00Z,11,15,19,5,0,0,5,0.2263,6,7629.57,False,none,LOW,111,5,4.5,
2026-05-18T15:20:00Z,12,15,20,16,1,1,14,0.196,7,32948.27,False,none,LOW,127,6,4.72,
2026-05-18T15:21:00Z,13,15,21,11,0,0,11,0.2979,5,31573.31,False,none,LOW,138,6,4.35,
2026-05-18T15:22:00Z,14,15,22,6,0,1,5,0.0823,6,9597.06,False,none,LOW,144,6,4.17,
2026-05-18T15:23:00Z,15,15,23,9,0,0,9,0.1268,9,32889.44,False,none,LOW,153,6,3.92,
2026-05-18T15:24:00Z,16,15,24,6,1,1,4,0.1448,1,23834.82,False,none,LOW,159,7,4.4,
2026-05-18T15:25:00Z,17,15,25,9,0,0,9,0.2993,7,7058.38,False,none,LOW,168,7,4.17,
2026-05-18T15:26:00Z,18,15,26,6,2,0,4,0.0542,2,6350.13,False,none,LOW,174,9,5.17,
2026-05-18T15:27:00Z,19,15,27,12,0,1,11,0.2717,3,6324.91,False,none,LOW,186,9,4.84,
2026-05-18T15:28:00Z,20,15,28,6,0,1,5,0.3274,5,20321.54,False,none,LOW,192,9,4.69,
2026-05-18T15:29:00Z,21,15,29,11,0,2,9,0.2854,1,2588.61,False,none,LOW,203,9,4.43,
2026-05-18T15:30:00Z,22,15,30,13,0,0,13,0.1623,9,23513.72,False,none,LOW,216,9,4.17,
2026-05-18T15:31:00Z,23,15,31,14,1,0,13,0.2283,4,6823.72,False,none,LOW,230,10,4.35,
2026-05-18T15:32:00Z,24,15,32,13,0,0,13,0.0846,5,3828.05,False,none,LOW,243,10,4.12,
2026-05-18T15:33:00Z,25,15,33,6,0,0,6,0.3125,1,30087.34,False,none,LOW,249,10,4.02,
2026-05-18T15:34:00Z,26,15,34,7,0,0,7,0.0805,1,3714.74,False,none,LOW,256,10,3.91,
2026-05-18T15:35:00Z,27,15,35,16,1,1,14,0.0904,8,19690.25,False,none,LOW,272,11,4.04,
2026-05-18T15:36:00Z,28,15,36,10,0,0,10,0.1934,2,9674.81,False,none,LOW,282,11,3.9,
2026-05-18T15:37:00Z,29,15,37,9,0,2,7,0.1485,4,19669.35,False,none,LOW,291,11,3.78,
2026-05-18T15:38:00Z,30,15,38,13,0,1,12,0.0896,9,5138.16,False,none,LOW,304,11,3.62,
2026-05-18T15:39:00Z,31,15,39,12,1,2,9,0.126,6,21472.5,False,none,LOW,316,12,3.8,
2026-05-18T15:40:00Z,32,15,40,5,0,0,5,0.2792,9,18241.06,False,none,LOW,321,12,3.74,
2026-05-18T15:41:00Z,33,15,41,5,1,0,4,0.3195,8,27163.56,False,none,LOW,326,13,3.99,
2026-05-18T15:42:00Z,34,15,42,8,1,0,7,0.2689,2,32892.62,False,none,LOW,334,14,4.19,
2026-05-18T15:43:00Z,35,15,43,13,1,1,11,0.0866,5,21412.51,False,none,LOW,347,15,4.32,
2026-05-18T15:44:00Z,36,15,44,12,0,0,12,0.1406,5,27782.7,False,none,LOW,359,15,4.18,
2026-05-18T15:45:00Z,37,15,45,14,0,1,13,0.3191,9,2956.98,False,none,LOW,373,15,4.02,
2026-05-18T15:46:00Z,38,15,46,7,0,0,7,0.0516,2,21995.53,False,none,LOW,380,15,3.95,
2026-05-18T15:47:00Z,39,15,47,13,1,1,11,0.062,1,8658.81,False,none,LOW,393,16,4.07,
2026-05-18T15:48:00Z,40,15,48,6,0,1,5,0.1312,1,34346.76,False,none,LOW,399,16,4.01,
2026-05-18T15:49:00Z,41,15,49,11,0,0,11,0.0775,7,8056.6,False,none,LOW,410,16,3.9,
2026-05-18T15:50:00Z,42,15,50,13,0,0,13,0.2599,3,33039.62,False,none,LOW,423,16,3.78,
2026-05-18T15:51:00Z,43,15,51,6,0,0,6,0.1414,6,16120.81,False,none,LOW,429,16,3.73,
2026-05-18T15:52:00Z,44,15,52,11,0,0,11,0.0608,3,17646.38,False,none,LOW,440,16,3.64,
2026-05-18T15:53:00Z,45,15,53,7,0,0,7,0.2862,4,20121.76,False,none,LOW,447,16,3.58,
2026-05-18T15:54:00Z,46,15,54,9,2,0,7,0.29,3,29633.62,False,none,LOW,456,18,3.95,
2026-05-18T15:55:00Z,47,15,55,10,0,0,10,0.1019,3,12358.48,False,none,LOW,466,18,3.86,
2026-05-18T15:56:00Z,48,15,56,12,0,0,12,0.0859,5,33628.16,False,none,LOW,478,18,3.77,
2026-05-18T15:57:00Z,49,15,57,8,0,0,8,0.2075,4,7403.79,False,none,LOW,486,18,3.7,
2026-05-18T15:58:00Z,50,15,58,6,0,0,6,0.0952,3,31934.42,False,none,LOW,492,18,3.66,
2026-05-18T15:59:00Z,51,15,59,3,0,0,3,0.1231,2,29838.42,False,none,LOW,495,18,3.64,
2026-05-18T16:00:00Z,52,16,0,11,0,0,11,0.1515,9,17924.89,False,none,LOW,506,18,3.56,
2026-05-18T16:01:00Z,53,16,1,8,1,0,7,0.1517,8,8322.9,False,none,LOW,514,19,3.7,
2026-05-18T16:02:00Z,54,16,2,9,0,8,1,0.9034,10,26169.65,True,risk_surge,CRITICAL,523,19,3.63,Risk Surge — device or IP clustering detected
2026-05-18T16:03:00Z,55,16,3,9,0,1,8,0.1539,2,6087.7,False,none,LOW,532,19,3.57,
2026-05-18T16:04:00Z,56,16,4,9,2,0,7,0.0646,4,24285.09,False,none,LOW,541,21,3.88,
2026-05-18T16:05:00Z,57,16,5,12,0,0,12,0.2366,1,30318.14,False,none,LOW,553,21,3.8,
2026-05-18T16:06:00Z,58,16,6,12,0,1,11,0.306,9,21480.57,False,none,LOW,565,21,3.72,
2026-05-18T16:07:00Z,59,16,7,9,0,1,8,0.3496,3,11779.95,False,none,LOW,574,21,3.66,
2026-05-18T16:08:00Z,60,16,8,9,0,0,9,0.3246,2,6434.11,False,none,LOW,583,21,3.6,
2026-05-18T16:09:00Z,61,16,9,9,0,4,5,0.6996,15,31600.89,True,risk_surge,HIGH,592,21,3.55,Risk Surge — device or IP clustering detected
2026-05-18T16:10:00Z,62,16,10,7,0,1,6,0.1224,3,7129.57,False,none,LOW,599,21,3.51,
2026-05-18T16:11:00Z,63,16,11,14,0,0,14,0.3484,3,24261.72,False,none,LOW,613,21,3.43,
2026-05-18T16:12:00Z,64,16,12,13,1,0,12,0.0608,9,5399.09,False,none,LOW,626,22,3.51,
2026-05-18T16:13:00Z,65,16,13,4,0,0,4,0.0682,9,25040.26,False,none,LOW,630,22,3.49,
2026-05-18T16:14:00Z,66,16,14,7,0,1,6,0.6025,3,149946.19,True,amount_spike,HIGH,637,22,3.45,"Amount Spike — abnormal USD volume, possible wire fraud"
2026-05-18T16:15:00Z,67,16,15,9,0,0,9,0.255,5,9532.34,False,none,LOW,646,22,3.41,
2026-05-18T16:16:00Z,68,16,16,12,0,0,12,0.0594,2,22464.93,False,none,LOW,658,22,3.34,
2026-05-18T16:17:00Z,69,16,17,7,1,0,6,0.6819,1,267485.6,True,amount_spike,HIGH,665,23,3.46,"Amount Spike — abnormal USD volume, possible wire fraud"
2026-05-18T16:18:00Z,70,16,18,9,0,1,8,0.1149,5,12481.98,False,none,LOW,674,23,3.41,
2026-05-18T16:19:00Z,71,16,19,4,0,5,0,0.6503,14,24872.15,True,risk_surge,HIGH,678,23,3.39,Risk Surge — device or IP clustering detected
2026-05-18T16:20:00Z,72,16,20,6,1,3,2,0.8176,12,86366.93,True,risk_surge,CRITICAL,684,24,3.51,Risk Surge — device or IP clustering detected
2026-05-18T16:21:00Z,73,16,21,11,0,0,11,0.7122,3,132074.51,True,amount_spike,HIGH,695,24,3.45,"Amount Spike — abnormal USD volume, possible wire fraud"
2026-05-18T16:22:00Z,74,16,22,11,0,2,9,0.2044,9,28268.94,False,none,LOW,706,24,3.4,
2026-05-18T16:23:00Z,75,16,23,10,0,0,10,0.3385,1,7888.58,False,none,LOW,716,24,3.35,
2026-05-18T16:24:00Z,76,16,24,7,0,1,6,0.2051,1,26127.49,False,none,LOW,723,24,3.32,
2026-05-18T16:25:00Z,77,16,25,13,1,0,12,0.2731,7,2763.62,False,none,LOW,736,25,3.4,
2026-05-18T16:26:00Z,78,16,26,9,0,1,8,0.109,4,15005.53,False,none,LOW,745,25,3.36,
2026-05-18T16:27:00Z,79,16,27,6,0,0,6,0.2761,4,31074.19,False,none,LOW,751,25,3.33,
2026-05-18T16:28:00Z,80,16,28,8,0,0,8,0.1944,1,23533.13,False,none,LOW,759,25,3.29,
2026-05-18T16:29:00Z,81,16,29,10,4,0,6,0.0913,9,12047.4,False,none,LOW,769,29,3.77,
2026-05-18T16:30:00Z,82,16,30,10,0,0,10,0.0981,1,21279.52,False,none,LOW,779,29,3.72,
2026-05-18T16:31:00Z,83,16,31,12,1,1,10,0.3188,8,5313.06,False,none,LOW,791,30,3.79,
2026-05-18T16:32:00Z,84,16,32,8,0,1,7,0.3124,7,19518.06,False,none,LOW,799,30,3.75,
2026-05-18T16:33:00Z,85,16,33,7,1,0,6,0.2089,4,19706.74,False,none,LOW,806,31,3.85,
2026-05-18T16:34:00Z,86,16,34,9,1,0,8,0.1123,2,2991.8,False,none,LOW,815,32,3.93,
2026-05-18T16:35:00Z,87,16,35,8,0,2,6,0.1906,3,7044.95,False,none,LOW,823,32,3.89,
2026-05-18T16:36:00Z,88,16,36,15,0,1,14,0.1136,2,16453.66,False,none,LOW,838,32,3.82,
2026-05-18T16:37:00Z,89,16,37,11,0,0,11,0.0957,9,22865.33,False,none,LOW,849,32,3.77,
2026-05-18T16:38:00Z,90,16,38,9,0,0,9,0.1918,6,13309.55,False,none,LOW,858,32,3.73,
2026-05-18T16:39:00Z,91,16,39,14,1,1,12,0.3343,9,14089.07,False,none,LOW,872,33,3.78,
2026-05-18T16:40:00Z,92,16,40,12,1,1,10,0.1724,5,6151.63,False,none,LOW,884,34,3.85,
2026-05-18T16:41:00Z,93,16,41,5,0,0,5,0.6834,4,268641.84,True,amount_spike,HIGH,889,34,3.82,"Amount Spike — abnormal USD volume, possible wire fraud"
2026-05-18T16:42:00Z,94,16,42,7,0,2,5,0.2126,5,33446.44,False,none,LOW,896,34,3.79,
2026-05-18T16:43:00Z,95,16,43,11,0,1,10,0.17,7,30878.55,False,none,LOW,907,34,3.75,
2026-05-18T16:44:00Z,96,16,44,11,0,0,11,0.2397,8,10058.77,False,none,LOW,918,34,3.7,
2026-05-18T16:45:00Z,97,16,45,12,0,1,11,0.1273,4,21336.73,False,none,LOW,930,34,3.66,
2026-05-18T16:46:00Z,98,16,46,9,0,0,9,0.2893,2,6564.86,False,none,LOW,939,34,3.62,
2026-05-18T16:47:00Z,99,16,47,13,0,0,13,0.2359,8,32785.73,False,none,LOW,952,34,3.57,
2026-05-18T16:48:00Z,100,16,48,22,1,0,21,0.2998,6,15975.35,False,none,LOW,974,35,3.59,
2026-05-18T16:49:00Z,101,16,49,10,1,0,9,0.2684,2,34229.91,False,none,LOW,984,36,3.66,
2026-05-18T16:50:00Z,102,16,50,8,0,2,6,0.175,4,26711.09,False,none,LOW,992,36,3.63,
2026-05-18T16:51:00Z,103,16,51,13,0,0,13,0.2102,3,4228.11,False,none,LOW,1005,36,3.58,
2026-05-18T16:52:00Z,104,16,52,3,0,1,2,0.0941,1,29163.11,False,none,LOW,1008,36,3.57,
2026-05-18T16:53:00Z,105,16,53,10,0,1,9,0.2751,8,17334.43,False,none,LOW,1018,36,3.54,
2026-05-18T16:54:00Z,106,16,54,9,0,0,9,0.1026,1,15150.72,False,none,LOW,1027,36,3.51,
2026-05-18T16:55:00Z,107,16,55,11,1,0,10,0.2468,8,11539.76,False,none,LOW,1038,37,3.56,
2026-05-18T16:56:00Z,108,16,56,12,0,0,12,0.2305,4,10586.09,False,none,LOW,1050,37,3.52,
2026-05-18T16:57:00Z,109,16,57,9,0,0,9,0.1444,5,20615.14,False,none,LOW,1059,37,3.49,
2026-05-18T16:58:00Z,110,16,58,12,6,0,6,0.805,30,63976.35,True,burst,CRITICAL,1071,43,4.01,Velocity Burst — possible card testing or account takeover
2026-05-18T16:59:00Z,111,16,59,7,0,1,6,0.1582,2,3823.92,False,none,LOW,1078,43,3.99,
2026-05-18T17:00:00Z,112,17,0,9,1,0,8,0.0846,5,6024.98,False,none,LOW,1087,44,4.05,
2026-05-18T17:01:00Z,113,17,1,13,0,1,12,0.2919,6,7621.26,False,none,LOW,1100,44,4.0,
2026-05-18T17:02:00Z,114,17,2,9,0,0,9,0.3098,1,13836.2,False,none,LOW,1109,44,3.97,
2026-05-18T17:03:00Z,115,17,3,9,0,0,9,0.1853,6,20741.83,False,none,LOW,1118,44,3.94,
2026-05-18T17:04:00Z,116,17,4,10,0,0,10,0.0998,5,14840.19,False,none,LOW,1128,44,3.9,
2026-05-18T17:05:00Z,117,17,5,7,1,1,5,0.3337,7,14952.0,False,none,LOW,1135,45,3.96,
2026-05-18T17:06:00Z,118,17,6,16,2,1,13,0.763,30,69332.49,True,burst,CRITICAL,1151,47,4.08,Velocity Burst — possible card testing or account takeover
2026-05-18T17:07:00Z,119,17,7,8,0,1,7,0.2109,1,33858.73,False,none,LOW,1159,47,4.06,
2026-05-18T17:08:00Z,120,17,8,7,1,0,6,0.3446,7,16024.32,False,none,LOW,1166,48,4.12,
2026-05-18T17:09:00Z,121,17,9,9,0,0,9,0.3123,6,2791.02,False,none,LOW,1175,48,4.09,
2026-05-18T17:10:00Z,122,17,10,10,0,1,9,0.1885,9,9072.77,False,none,LOW,1185,48,4.05,
2026-05-18T17:11:00Z,123,17,11,6,0,2,4,0.2455,5,30756.5,False,none,LOW,1191,48,4.03,
2026-05-18T17:12:00Z,124,17,12,11,2,1,8,0.3209,4,32883.85,False,none,LOW,1202,50,4.16,
2026-05-18T17:13:00Z,125,17,13,14,0,1,13,0.1692,1,16685.53,False,none,LOW,1216,50,4.11,
2026-05-18T17:14:00Z,126,17,14,8,1,4,3,0.2887,3,19935.35,False,none,LOW,1224,51,4.17,
2026-05-18T17:15:00Z,127,17,15,12,0,0,12,0.0732,5,27735.7,False,none,LOW,1236,51,4.13,
2026-05-18T17:16:00Z,128,17,16,11,0,0,11,0.3309,8,9799.89,False,none,LOW,1247,51,4.09,
2026-05-18T17:17:00Z,129,17,17,3,1,1,1,0.2902,9,22387.03,False,none,LOW,1250,52,4.16,
2026-05-18T17:18:00Z,130,17,18,8,0,1,7,0.1048,6,23555.33,False,none,LOW,1258,52,4.13,
2026-05-18T17:19:00Z,131,17,19,12,1,0,11,0.1993,3,19145.14,False,none,LOW,1270,53,4.17,
2026-05-18T17:20:00Z,132,17,20,10,0,0,10,0.2279,3,23041.1,False,none,LOW,1280,53,4.14,
2026-05-18T17:21:00Z,133,17,21,10,0,1,9,0.2414,3,30255.56,False,none,LOW,1290,53,4.11,
2026-05-18T17:22:00Z,134,17,22,11,0,0,11,0.2936,4,26306.91,False,none,LOW,1301,53,4.07,
2026-05-18T17:23:00Z,135,17,23,10,0,2,8,0.0832,5,33549.54,False,none,LOW,1311,53,4.04,
2026-05-18T17:24:00Z,136,17,24,6,1,0,5,0.1573,8,6865.06,False,none,LOW,1317,54,4.1,
2026-05-18T17:25:00Z,137,17,25,8,0,0,8,0.2847,5,26683.67,False,none,LOW,1325,54,4.08,
2026-05-18T17:26:00Z,138,17,26,13,0,0,13,0.1676,7,26808.76,False,none,LOW,1338,54,4.04,
2026-05-18T17:27:00Z,139,17,27,8,0,0,8,0.2789,3,32690.11,False,none,LOW,1346,54,4.01,
2026-05-18T17:28:00Z,140,17,28,10,2,0,8,0.0743,7,17747.62,False,none,LOW,1356,56,4.13,
2026-05-18T17:29:00Z,141,17,29,10,0,0,10,0.2879,1,29978.62,False,none,LOW,1366,56,4.1,
2026-05-18T17:30:00Z,142,17,30,15,1,0,14,0.1389,2,8441.12,False,none,LOW,1381,57,4.13,
2026-05-18T17:31:00Z,143,17,31,9,1,1,7,0.2533,2,28877.64,False,none,LOW,1390,58,4.17,
2026-05-18T17:32:00Z,144,17,32,7,0,0,7,0.2827,6,14484.49,False,none,LOW,1397,58,4.15,
2026-05-18T17:33:00Z,145,17,33,14,1,0,13,0.8835,35,34452.1,True,burst,CRITICAL,1411,59,4.18,Velocity Burst — possible card testing or account takeover
2026-05-18T17:34:00Z,146,17,34,9,0,0,9,0.3085,5,24783.26,False,none,LOW,1420,59,4.15,
2026-05-18T17:35:00Z,147,17,35,9,0,0,9,0.1102,6,8117.38,False,none,LOW,1429,59,4.13,
2026-05-18T17:36:00Z,148,17,36,10,0,0,10,0.1264,3,33145.35,False,none,LOW,1439,59,4.1,
2026-05-18T17:37:00Z,149,17,37,9,0,1,8,0.1133,2,32274.05,False,none,LOW,1448,59,4.07,
2026-05-18T17:38:00Z,150,17,38,7,1,2,4,0.1824,1,19406.1,False,none,LOW,1455,60,4.12,
2026-05-18T17:39:00Z,151,17,39,12,0,0,12,0.1685,8,27967.42,False,none,LOW,1467,60,4.09,
2026-05-18T17:40:00Z,152,17,40,15,0,2,13,0.3254,2,13617.67,False,none,LOW,1482,60,4.05,
2026-05-18T17:41:00Z,153,17,41,11,1,1,9,0.344,9,31156.48,False,none,LOW,1493,61,4.09,
2026-05-18T17:42:00Z,154,17,42,8,1,0,7,0.2636,3,18354.97,False,none,LOW,1501,62,4.13,
2026-05-18T17:43:00Z,155,17,43,3,1,1,1,0.31,6,26620.24,False,none,LOW,1504,63,4.19,
2026-05-18T17:44:00Z,156,17,44,14,0,0,14,0.3376,4,22973.49,False,none,LOW,1518,63,4.15,
2026-05-18T17:45:00Z,157,17,45,12,0,2,10,0.2236,7,6653.9,False,none,LOW,1530,63,4.12,
2026-05-18T17:46:00Z,158,17,46,15,0,0,15,0.3469,1,6373.89,False,none,LOW,1545,63,4.08,
2026-05-18T17:47:00Z,159,17,47,13,0,0,13,0.2638,1,16763.96,False,none,LOW,1558,63,4.04,
2026-05-18T17:48:00Z,160,17,48,8,0,0,8,0.3026,7,24639.65,False,none,LOW,1566,63,4.02,
2026-05-18T17:49:00Z,161,17,49,14,0,1,13,0.2207,3,11564.53,False,none,LOW,1580,63,3.99,
2026-05-18T17:50:00Z,162,17,50,10,0,1,9,0.0722,7,15498.16,False,none,LOW,1590,63,3.96,
2026-05-18T17:51:00Z,163,17,51,5,1,1,3,0.1998,5,22450.74,False,none,LOW,1595,64,4.01,
2026-05-18T17:52:00Z,164,17,52,16,0,0,16,0.1945,5,18285.72,False,none,LOW,1611,64,3.97,
2026-05-18T17:53:00Z,165,17,53,9,0,1,8,0.4596,9,203246.15,True,amount_spike,MEDIUM,1620,64,3.95,"Amount Spike — abnormal USD volume, possible wire fraud"
2026-05-18T17:54:00Z,166,17,54,6,1,1,4,0.2768,5,34961.34,False,none,LOW,1626,65,4.0,
2026-05-18T17:55:00Z,167,17,55,7,2,1,4,0.3299,8,8727.4,False,none,LOW,1633,67,4.1,
2026-05-18T17:56:00Z,168,17,56,10,2,0,8,0.1463,6,20505.65,False,none,LOW,1643,69,4.2,
2026-05-18T17:57:00Z,169,17,57,10,0,0,10,0.1066,5,30067.19,False,none,LOW,1653,69,4.17,
2026-05-18T17:58:00Z,170,17,58,9,0,0,9,0.2468,9,4143.24,False,none,LOW,1662,69,4.15,
2026-05-18T17:59:00Z,171,17,59,6,1,0,5,0.1036,3,31828.84,False,none,LOW,1668,70,4.2,
2026-05-18T18:00:00Z,172,18,0,8,0,0,8,0.2634,4,16492.89,False,none,LOW,1676,70,4.18,
2026-05-18T18:01:00Z,173,18,1,9,0,2,7,0.3289,1,2589.41,False,none,LOW,1685,70,4.15,
2026-05-18T18:02:00Z,174,18,2,8,0,0,8,0.0961,6,4475.57,False,none,LOW,1693,70,4.13,
2026-05-18T18:03:00Z,175,18,3,9,0,1,8,0.3055,7,9976.09,False,none,LOW,1702,70,4.11,
2026-05-18T18:04:00Z,176,18,4,7,1,0,6,0.3037,7,29810.15,False,none,LOW,1709,71,4.15,
2026-05-18T18:05:00Z,177,18,5,7,0,0,7,0.1743,5,19221.92,False,none,LOW,1716,71,4.14,
2026-05-18T18:06:00Z,178,18,6,5,5,0,0,0.7207,37,35014.37,True,burst,CRITICAL,1721,76,4.42,Velocity Burst — possible card testing or account takeover
2026-05-18T18:07:00Z,179,18,7,10,0,1,9,0.1858,4,29807.6,False,none,LOW,1731,76,4.39,
2026-05-18T18:08:00Z,180,18,8,5,0,0,5,0.329,7,34047.46,False,none,LOW,1736,76,4.38,
2026-05-18T18:09:00Z,181,18,9,9,0,1,8,0.2524,5,10694.69,False,none,LOW,1745,76,4.36,
2026-05-18T18:10:00Z,182,18,10,9,0,1,8,0.2921,9,22015.56,False,none,LOW,1754,76,4.33,
2026-05-18T18:11:00Z,183,18,11,8,1,0,7,0.6959,38,31640.5,True,burst,CRITICAL,1762,77,4.37,Velocity Burst — possible card testing or account takeover
2026-05-18T18:12:00Z,184,18,12,5,2,0,3,0.2095,9,27540.0,False,none,LOW,1767,79,4.47,
2026-05-18T18:13:00Z,185,18,13,11,1,1,9,0.1328,3,15667.86,False,none,LOW,1778,80,4.5,
2026-05-18T18:14:00Z,186,18,14,4,0,0,4,0.2008,1,10493.29,False,none,LOW,1782,80,4.49,
2026-05-18T18:15:00Z,187,18,15,10,1,0,9,0.3289,4,5801.14,False,none,LOW,1792,81,4.52,
2026-05-18T18:16:00Z,188,18,16,5,0,2,3,0.147,2,25696.06,False,none,LOW,1797,81,4.51,
2026-05-18T18:17:00Z,189,18,17,8,0,0,8,0.1857,6,15733.34,False,none,LOW,1805,81,4.49,
2026-05-18T18:18:00Z,190,18,18,5,0,3,2,0.146,9,19726.7,False,none,LOW,1810,81,4.48,
2026-05-18T18:19:00Z,191,18,19,4,0,0,4,0.2102,4,27471.4,False,none,LOW,1814,81,4.47,
2026-05-18T18:20:00Z,192,18,20,10,1,2,7,0.2337,5,29801.02,False,none,LOW,1824,82,4.5,
2026-05-18T18:21:00Z,193,18,21,6,0,0,6,0.3164,7,27218.94,False,none,LOW,1830,82,4.48,
2026-05-18T18:22:00Z,194,18,22,7,0,2,5,0.5958,8,148044.83,True,amount_spike,MEDIUM,1837,82,4.46,"Amount Spike — abnormal USD volume, possible wire fraud"
2026-05-18T18:23:00Z,195,18,23,7,1,1,5,0.0701,4,15308.03,False,none,LOW,1844,83,4.5,
2026-05-18T18:24:00Z,196,18,24,4,0,1,3,0.1785,1,30651.8,False,none,LOW,1848,83,4.49,
2026-05-18T18:25:00Z,197,18,25,4,0,2,2,0.0571,7,3857.53,False,none,LOW,1852,83,4.48,
2026-05-18T18:26:00Z,198,18,26,10,0,0,10,0.1756,1,19207.63,False,none,LOW,1862,83,4.46,
2026-05-18T18:27:00Z,199,18,27,5,0,1,4,0.0952,4,2284.37,False,none,LOW,1867,83,4.45,
2026-05-18T18:28:00Z,200,18,28,5,0,0,5,0.3474,9,8253.21,False,none,LOW,1872,83,4.43,
2026-05-18T18:29:00Z,201,18,29,9,1,0,8,0.1961,3,5540.47,False,none,LOW,1881,84,4.47,
2026-05-18T18:30:00Z,202,18,30,5,0,0,5,0.2576,8,26992.53,False,none,LOW,1886,84,4.45,
2026-05-18T18:31:00Z,203,18,31,12,0,0,12,0.2249,6,21311.31,False,none,LOW,1898,84,4.43,
2026-05-18T18:32:00Z,204,18,32,9,0,0,9,0.2702,9,21584.06,False,none,LOW,1907,84,4.4,
2026-05-18T18:33:00Z,205,18,33,7,1,0,6,0.0817,8,13164.08,False,none,LOW,1914,85,4.44,
2026-05-18T18:34:00Z,206,18,34,8,0,0,8,0.2958,7,3117.97,False,none,LOW,1922,85,4.42,
2026-05-18T18:35:00Z,207,18,35,10,1,0,9,0.2146,5,9099.33,False,none,LOW,1932,86,4.45,
2026-05-18T18:36:00Z,208,18,36,10,1,1,8,0.4537,8,189117.78,True,amount_spike,MEDIUM,1942,87,4.48,"Amount Spike — abnormal USD volume, possible wire fraud"
2026-05-18T18:37:00Z,209,18,37,7,0,1,6,0.2578,5,2826.33,False,none,LOW,1949,87,4.46,
2026-05-18T18:38:00Z,210,18,38,6,0,2,4,0.2173,6,29283.57,False,none,LOW,1955,87,4.45,
2026-05-18T18:39:00Z,211,18,39,6,0,0,6,0.1503,7,7477.77,False,none,LOW,1961,87,4.44,
2026-05-18T18:40:00Z,212,18,40,8,0,1,7,0.276,5,6757.19,False,none,LOW,1969,87,4.42,
2026-05-18T18:41:00Z,213,18,41,10,2,1,7,0.1767,1,20492.34,False,none,LOW,1979,89,4.5,
2026-05-18T18:42:00Z,214,18,42,5,0,0,5,0.2969,4,25648.55,False,none,LOW,1984,89,4.49,
2026-05-18T18:43:00Z,215,18,43,16,0,0,16,0.1238,2,18223.14,False,none,LOW,2000,89,4.45,
2026-05-18T18:44:00Z,216,18,44,8,1,0,7,0.2902,6,7065.24,False,none,LOW,2008,90,4.48,
2026-05-18T18:45:00Z,217,18,45,9,1,0,8,0.3112,8,24728.82,False,none,LOW,2017,91,4.51,
2026-05-18T18:46:00Z,218,18,46,10,0,0,10,0.3473,4,20364.04,False,none,LOW,2027,91,4.49,
2026-05-18T18:47:00Z,219,18,47,7,0,0,7,0.5502,1,136210.17,True,amount_spike,MEDIUM,2034,91,4.47,"Amount Spike — abnormal USD volume, possible wire fraud"
2026-05-18T18:48:00Z,220,18,48,7,0,0,7,0.1991,9,9434.81,False,none,LOW,2041,91,4.46,
2026-05-18T18:49:00Z,221,18,49,11,0,1,10,0.3473,1,7338.82,False,none,LOW,2052,91,4.43,
2026-05-18T18:50:00Z,222,18,50,7,0,0,7,0.115,7,24666.04,False,none,LOW,2059,91,4.42,
2026-05-18T18:51:00Z,223,18,51,11,0,0,11,0.0857,7,10077.25,False,none,LOW,2070,91,4.4,
2026-05-18T18:52:00Z,224,18,52,4,0,0,4,0.1348,7,16341.94,False,none,LOW,2074,91,4.39,
2026-05-18T18:53:00Z,225,18,53,8,0,0,8,0.2979,6,24566.87,False,none,LOW,2082,91,4.37,
2026-05-18T18:54:00Z,226,18,54,6,0,0,6,0.0693,1,14423.49,False,none,LOW,2088,91,4.36,
2026-05-18T18:55:00Z,227,18,55,11,0,0,11,0.2171,7,32713.47,False,none,LOW,2099,91,4.34,
2026-05-18T18:56:00Z,228,18,56,3,0,0,3,0.2087,5,7341.69,False,none,LOW,2102,91,4.33,
2026-05-18T18:57:00Z,229,18,57,5,0,1,4,0.2331,1,34561.04,False,none,LOW,2107,91,4.32,
2026-05-18T18:58:00Z,230,18,58,7,1,1,5,0.2613,8,19601.79,False,none,LOW,2114,92,4.35,
2026-05-18T18:59:00Z,231,18,59,5,0,1,4,0.6269,2,228900.02,True,amount_spike,HIGH,2119,92,4.34,"Amount Spike — abnormal USD volume, possible wire fraud"
2026-05-18T19:00:00Z,232,19,0,10,0,2,8,0.7464,11,28345.58,True,risk_surge,HIGH,2129,92,4.32,Risk Surge — device or IP clustering detected
2026-05-18T19:01:00Z,233,19,1,8,4,0,4,0.7122,27,44173.28,True,burst,HIGH,2137,96,4.49,Velocity Burst — possible card testing or account takeover
2026-05-18T19:02:00Z,234,19,2,9,0,0,9,0.2319,2,9962.68,False,none,LOW,2146,96,4.47,
2026-05-18T19:03:00Z,235,19,3,6,0,0,6,0.3438,1,5236.63,False,none,LOW,2152,96,4.46,
2026-05-18T19:04:00Z,236,19,4,7,1,1,5,0.2627,7,5021.47,False,none,LOW,2159,97,4.49,
2026-05-18T19:05:00Z,237,19,5,7,0,1,6,0.1262,9,9593.4,False,none,LOW,2166,97,4.48,
2026-05-18T19:06:00Z,238,19,6,4,1,2,1,0.2428,7,10206.26,False,none,LOW,2170,98,4.52,
2026-05-18T19:07:00Z,239,19,7,8,0,1,7,0.1838,9,15520.14,False,none,LOW,2178,98,4.5,
2026-05-18T19:08:00Z,240,19,8,5,0,1,4,0.1302,3,5758.94,False,none,LOW,2183,98,4.49,
2026-05-18T19:09:00Z,241,19,9,13,0,1,12,0.3378,2,27107.68,False,none,LOW,2196,98,4.46,
2026-05-18T19:10:00Z,242,19,10,8,0,1,7,0.1319,6,12968.45,False,none,LOW,2204,98,4.45,
2026-05-18T19:11:00Z,243,19,11,5,1,0,4,0.2664,2,27113.71,False,none,LOW,2209,99,4.48,
2026-05-18T19:12:00Z,244,19,12,5,0,1,4,0.3075,3,2027.21,False,none,LOW,2214,99,4.47,
2026-05-18T19:13:00Z,245,19,13,5,2,1,2,0.2572,2,5174.3,False,none,LOW,2219,101,4.55,
2026-05-18T19:14:00Z,246,19,14,8,0,1,7,0.5975,8,87980.85,True,amount_spike,MEDIUM,2227,101,4.54,"Amount Spike — abnormal USD volume, possible wire fraud"
2026-05-18T19:15:00Z,247,19,15,5,3,0,2,0.9261,25,68075.39,True,burst,CRITICAL,2232,104,4.66,Velocity Burst — possible card testing or account takeover
2026-05-18T19:16:00Z,248,19,16,5,0,1,4,0.2271,7,26680.75,False,none,LOW,2237,104,4.65,
2026-05-18T19:17:00Z,249,19,17,3,0,0,3,0.2924,2,24346.81,False,none,LOW,2240,104,4.64,
2026-05-18T19:18:00Z,250,19,18,6,0,0,6,0.1466,6,20577.88,False,none,LOW,2246,104,4.63,
2026-05-18T19:19:00Z,251,19,19,10,0,0,10,0.2196,9,3418.18,False,none,LOW,2256,104,4.61,
2026-05-18T19:20:00Z,252,19,20,4,1,1,2,0.2425,7,25235.92,False,none,LOW,2260,105,4.65,
2026-05-18T19:21:00Z,253,19,21,6,0,1,5,0.0771,7,16301.34,False,none,LOW,2266,105,4.63,
2026-05-18T19:22:00Z,254,19,22,9,1,0,8,0.0686,2,21787.42,False,none,LOW,2275,106,4.66,
2026-05-18T19:23:00Z,255,19,23,6,0,0,6,0.1802,1,25353.47,False,none,LOW,2281,106,4.65,
2026-05-18T19:24:00Z,256,19,24,9,0,1,8,0.2062,2,29118.51,False,none,LOW,2290,106,4.63,
2026-05-18T19:25:00Z,257,19,25,7,0,0,7,0.1569,4,20499.78,False,none,LOW,2297,106,4.61,
2026-05-18T19:26:00Z,258,19,26,8,0,1,7,0.3065,1,18739.2,False,none,LOW,2305,106,4.6,
2026-05-18T19:27:00Z,259,19,27,5,0,1,4,0.3334,2,16495.98,False,none,LOW,2310,106,4.59,
2026-05-18T19:28:00Z,260,19,28,4,0,1,3,0.0706,5,19272.99,False,none,LOW,2314,106,4.58,
2026-05-18T19:29:00Z,261,19,29,8,0,1,7,0.0672,8,30059.36,False,none,LOW,2322,106,4.57,
2026-05-18T19:30:00Z,262,19,30,6,0,0,6,0.3454,5,4506.3,False,none,LOW,2328,106,4.55,
2026-05-18T19:31:00Z,263,19,31,3,0,0,3,0.3137,3,13110.14,False,none,LOW,2331,106,4.55,
2026-05-18T19:32:00Z,264,19,32,6,2,1,3,0.2869,4,11510.58,False,none,LOW,2337,108,4.62,
2026-05-18T19:33:00Z,265,19,33,10,1,0,9,0.2616,1,29664.68,False,none,LOW,2347,109,4.64,
2026-05-18T19:34:00Z,266,19,34,8,1,1,6,0.3063,9,20826.8,False,none,LOW,2355,110,4.67,
2026-05-18T19:35:00Z,267,19,35,0,0,1,0,0.1334,4,33649.42,False,none,LOW,2355,110,4.67,
2026-05-18T19:36:00Z,268,19,36,12,0,1,11,0.0646,9,17624.69,False,none,LOW,2367,110,4.65,
2026-05-18T19:37:00Z,269,19,37,6,0,0,6,0.1913,1,17842.64,False,none,LOW,2373,110,4.64,
2026-05-18T19:38:00Z,270,19,38,10,0,1,9,0.342,3,30404.2,False,none,LOW,2383,110,4.62,
2026-05-18T19:39:00Z,271,19,39,7,1,1,5,0.1705,8,25841.77,False,none,LOW,2390,111,4.64,
2026-05-18T19:40:00Z,272,19,40,9,2,0,7,0.089,1,9261.59,False,none,LOW,2399,113,4.71,
2026-05-18T19:41:00Z,273,19,41,2,0,0,2,0.2345,5,31378.51,False,none,LOW,2401,113,4.71,
2026-05-18T19:42:00Z,274,19,42,8,1,1,6,0.0819,7,21762.33,False,none,LOW,2409,114,4.73,
2026-05-18T19:43:00Z,275,19,43,7,0,1,6,0.1668,9,10153.23,False,none,LOW,2416,114,4.72,
2026-05-18T19:44:00Z,276,19,44,6,0,0,6,0.3225,5,24421.88,False,none,LOW,2422,114,4.71,
2026-05-18T19:45:00Z,277,19,45,5,0,2,3,0.2215,9,11179.36,False,none,LOW,2427,114,4.7,
2026-05-18T19:46:00Z,278,19,46,5,0,0,5,0.0617,3,5044.5,False,none,LOW,2432,114,4.69,
2026-05-18T19:47:00Z,279,19,47,5,0,1,4,0.0959,6,12932.13,False,none,LOW,2437,114,4.68,
2026-05-18T19:48:00Z,280,19,48,20,1,0,19,0.1002,7,10415.58,False,none,LOW,2457,115,4.68,
2026-05-18T19:49:00Z,281,19,49,7,0,0,7,0.0755,9,18880.53,False,none,LOW,2464,115,4.67,
2026-05-18T19:50:00Z,282,19,50,7,0,0,7,0.287,8,13120.56,False,none,LOW,2471,115,4.65,
2026-05-18T19:51:00Z,283,19,51,12,0,2,10,0.1547,5,25038.77,False,none,LOW,2483,115,4.63,
2026-05-18T19:52:00Z,284,19,52,3,1,0,2,0.0547,3,12308.8,False,none,LOW,2486,116,4.67,
2026-05-18T19:53:00Z,285,19,53,2,1,0,1,0.2192,2,4032.64,False,none,LOW,2488,117,4.7,
2026-05-18T19:54:00Z,286,19,54,9,0,1,8,0.1928,4,15653.5,False,none,LOW,2497,117,4.69,
2026-05-18T19:55:00Z,287,19,55,6,0,1,5,0.2697,6,25279.83,False,none,LOW,2503,117,4.67,
2026-05-18T19:56:00Z,288,19,56,6,0,0,6,0.191,8,24305.03,False,none,LOW,2509,117,4.66,
2026-05-18T19:57:00Z,289,19,57,8,0,0,8,0.3359,1,2659.34,False,none,LOW,2517,117,4.65,
2026-05-18T19:58:00Z,290,19,58,10,0,1,9,0.1433,1,6405.36,False,none,LOW,2527,117,4.63,
2026-05-18T19:59:00Z,291,19,59,9,1,0,8,0.1415,4,19117.16,False,none,LOW,2536,118,4.65,
2026-05-18T20:00:00Z,292,20,0,9,0,0,9,0.203,7,18403.99,False,none,LOW,2545,118,4.64,
2026-05-18T20:01:00Z,293,20,1,5,0,1,4,0.0773,1,30899.62,False,none,LOW,2550,118,4.63,
2026-05-18T20:02:00Z,294,20,2,9,0,0,9,0.1535,4,18432.93,False,none,LOW,2559,118,4.61,
2026-05-18T20:03:00Z,295,20,3,5,0,0,5,0.198,1,23509.91,False,none,LOW,2564,118,4.6,
2026-05-18T20:04:00Z,296,20,4,5,2,0,3,0.1471,1,2466.18,False,none,LOW,2569,120,4.67,
2026-05-18T20:05:00Z,297,20,5,5,0,0,5,0.0957,3,7332.09,False,none,LOW,2574,120,4.66,
2026-05-18T20:06:00Z,298,20,6,5,0,1,4,0.108,4,31778.21,False,none,LOW,2579,120,4.65,
2026-05-18T20:07:00Z,299,20,7,11,1,1,9,0.3274,3,17858.48,False,none,LOW,2590,121,4.67,
2026-05-18T20:08:00Z,300,20,8,8,1,2,5,0.0985,5,5919.65,False,none,LOW,2598,122,4.7,
2026-05-18T20:09:00Z,301,20,9,8,4,1,3,0.789,32,76161.18,True,burst,CRITICAL,2606,126,4.83,Velocity Burst — possible card testing or account takeover
2026-05-18T20:10:00Z,302,20,10,4,0,0,4,0.2273,2,24662.88,False,none,LOW,2610,126,4.83,
2026-05-18T20:11:00Z,303,20,11,10,0,1,9,0.2269,6,30551.05,False,none,LOW,2620,126,4.81,
2026-05-18T20:12:00Z,304,20,12,12,0,0,12,0.2009,1,25406.04,False,none,LOW,2632,126,4.79,
2026-05-18T20:13:00Z,305,20,13,6,0,0,6,0.2113,8,16454.88,False,none,LOW,2638,126,4.78,
2026-05-18T20:14:00Z,306,20,14,4,0,1,3,0.2416,1,2640.4,False,none,LOW,2642,126,4.77,
2026-05-18T20:15:00Z,307,20,15,14,1,0,13,0.0709,3,18277.08,False,none,LOW,2656,127,4.78,
2026-05-18T20:16:00Z,308,20,16,6,0,1,5,0.2343,1,26785.68,False,none,LOW,2662,127,4.77,
2026-05-18T20:17:00Z,309,20,17,4,0,0,4,0.2537,7,4348.57,False,none,LOW,2666,127,4.76,
2026-05-18T20:18:00Z,310,20,18,4,0,0,4,0.217,4,34214.63,False,none,LOW,2670,127,4.76,
2026-05-18T20:19:00Z,311,20,19,4,0,2,2,0.2026,3,25694.19,False,none,LOW,2674,127,4.75,
2026-05-18T20:20:00Z,312,20,20,4,0,1,3,0.0591,6,33554.18,False,none,LOW,2678,127,4.74,
2026-05-18T20:21:00Z,313,20,21,15,0,1,14,0.1566,5,22312.05,False,none,LOW,2693,127,4.72,
2026-05-18T20:22:00Z,314,20,22,7,1,0,6,0.2268,9,24706.04,False,none,LOW,2700,128,4.74,
2026-05-18T20:23:00Z,315,20,23,5,0,0,5,0.2894,5,10533.47,False,none,LOW,2705,128,4.73,
2026-05-18T20:24:00Z,316,20,24,6,0,0,6,0.2153,3,26467.74,False,none,LOW,2711,128,4.72,
2026-05-18T20:25:00Z,317,20,25,7,2,4,1,0.907,23,55979.3,True,burst,CRITICAL,2718,130,4.78,Velocity Burst — possible card testing or account takeover
2026-05-18T20:26:00Z,318,20,26,4,0,0,4,0.2725,7,19881.01,False,none,LOW,2722,130,4.78,
2026-05-18T20:27:00Z,319,20,27,8,0,0,8,0.2671,3,8442.97,False,none,LOW,2730,130,4.76,
2026-05-18T20:28:00Z,320,20,28,4,0,0,4,0.266,2,8633.53,False,none,LOW,2734,130,4.75,
2026-05-18T20:29:00Z,321,20,29,7,0,0,7,0.1905,6,21652.96,False,none,LOW,2741,130,4.74,
2026-05-18T20:30:00Z,322,20,30,6,0,0,6,0.0507,7,12063.53,False,none,LOW,2747,130,4.73,
2026-05-18T20:31:00Z,323,20,31,6,2,0,4,0.2202,5,29348.34,False,none,LOW,2753,132,4.79,
2026-05-18T20:32:00Z,324,20,32,3,0,0,3,0.1644,5,20305.74,False,none,LOW,2756,132,4.79,
2026-05-18T20:33:00Z,325,20,33,7,0,0,7,0.1482,5,33988.68,False,none,LOW,2763,132,4.78,
2026-05-18T20:34:00Z,326,20,34,5,0,0,5,0.2464,4,9848.57,False,none,LOW,2768,132,4.77,
2026-05-18T20:35:00Z,327,20,35,10,1,0,9,0.1573,5,17804.31,False,none,LOW,2778,133,4.79,
2026-05-18T20:36:00Z,328,20,36,6,0,1,5,0.2267,8,30955.09,False,none,LOW,2784,133,4.78,
2026-05-18T20:37:00Z,329,20,37,4,0,2,2,0.2174,5,25898.33,False,none,LOW,2788,133,4.77,
2026-05-18T20:38:00Z,330,20,38,8,0,0,8,0.0589,4,18284.56,False,none,LOW,2796,133,4.76,
2026-05-18T20:39:00Z,331,20,39,6,0,3,3,0.8463,21,34674.81,True,risk_surge,CRITICAL,2802,133,4.75,Risk Surge — device or IP clustering detected
2026-05-18T20:40:00Z,332,20,40,6,1,0,5,0.3046,8,29105.35,False,none,LOW,2808,134,4.77,
2026-05-18T20:41:00Z,333,20,41,7,0,1,6,0.199,2,26084.02,False,none,LOW,2815,134,4.76,
2026-05-18T20:42:00Z,334,20,42,6,0,1,5,0.3071,9,5510.56,False,none,LOW,2821,134,4.75,
2026-05-18T20:43:00Z,335,20,43,8,1,1,6,0.2369,2,30032.24,False,none,LOW,2829,135,4.77,
2026-05-18T20:44:00Z,336,20,44,5,0,1,4,0.1163,5,2030.56,False,none,LOW,2834,135,4.76,
2026-05-18T20:45:00Z,337,20,45,6,0,0,6,0.175,2,30713.15,False,none,LOW,2840,135,4.75,
2026-05-18T20:46:00Z,338,20,46,7,0,1,6,0.0973,5,3152.22,False,none,LOW,2847,135,4.74,
2026-05-18T20:47:00Z,339,20,47,4,0,1,3,0.3491,3,13479.73,False,none,LOW,2851,135,4.74,
2026-05-18T20:48:00Z,340,20,48,10,1,0,9,0.1621,3,11798.98,False,none,LOW,2861,136,4.75,
2026-05-18T20:49:00Z,341,20,49,5,0,0,5,0.2271,2,18718.17,False,none,LOW,2866,136,4.75,
2026-05-18T20:50:00Z,342,20,50,5,0,0,5,0.1449,4,13327.64,False,none,LOW,2871,136,4.74,
2026-05-18T20:51:00Z,343,20,51,5,1,0,4,0.0609,9,16624.87,False,none,LOW,2876,137,4.76,
2026-05-18T20:52:00Z,344,20,52,8,1,0,7,0.3266,8,16467.43,False,none,LOW,2884,138,4.79,
2026-05-18T20:53:00Z,345,20,53,7,0,0,7,0.6965,16,23631.22,True,risk_surge,HIGH,2891,138,4.77,Risk Surge — device or IP clustering detected
2026-05-18T20:54:00Z,346,20,54,11,0,0,11,0.1938,7,27014.06,False,none,LOW,2902,138,4.76,
2026-05-18T20:55:00Z,347,20,55,6,0,1,5,0.3322,8,16124.93,False,none,LOW,2908,138,4.75,
2026-05-18T20:56:00Z,348,20,56,4,0,0,4,0.1707,8,15661.58,False,none,LOW,2912,138,4.74,
2026-05-18T20:57:00Z,349,20,57,9,0,0,9,0.1787,2,15029.75,False,none,LOW,2921,138,4.72,
2026-05-18T20:58:00Z,350,20,58,5,0,1,4,0.2391,6,11197.44,False,none,LOW,2926,138,4.72,
2026-05-18T20:59:00Z,351,20,59,7,0,1,6,0.2058,1,20295.85,False,none,LOW,2933,138,4.71,
2026-05-18T21:00:00Z,352,21,0,7,0,0,7,0.3499,3,11257.3,False,none,LOW,2940,138,4.69,
2026-05-18T21:01:00Z,353,21,1,9,0,1,8,0.2547,3,9151.51,False,none,LOW,2949,138,4.68,
2026-05-18T21:02:00Z,354,21,2,10,0,0,10,0.1148,6,25649.96,False,none,LOW,2959,138,4.66,
2026-05-18T21:03:00Z,355,21,3,8,0,0,8,0.3451,5,19539.66,False,none,LOW,2967,138,4.65,
2026-05-18T21:04:00Z,356,21,4,10,0,0,10,0.0977,1,10041.99,False,none,LOW,2977,138,4.64,
2026-05-18T21:05:00Z,357,21,5,2,0,0,2,0.1451,5,30802.58,False,none,LOW,2979,138,4.63,
2026-05-18T21:06:00Z,358,21,6,9,0,1,8,0.0521,4,25224.4,False,none,LOW,2988,138,4.62,
2026-05-18T21:07:00Z,359,21,7,6,0,0,6,0.1819,8,27542.79,False,none,LOW,2994,138,4.61,
2026-05-18T21:08:00Z,360,21,8,7,0,0,7,0.3258,4,31010.74,False,none,LOW,3001,138,4.6,
2026-05-18T21:09:00Z,361,21,9,6,4,2,0,0.6528,37,45811.64,True,burst,CRITICAL,3007,142,4.72,Velocity Burst — possible card testing or account takeover
2026-05-18T21:10:00Z,362,21,10,7,1,0,6,0.2149,9,3831.04,False,none,LOW,3014,143,4.74,
2026-05-18T21:11:00Z,363,21,11,5,0,0,5,0.1531,6,16940.78,False,none,LOW,3019,143,4.74,
2026-05-18T21:12:00Z,364,21,12,7,1,1,5,0.3312,8,15603.61,False,none,LOW,3026,144,4.76,
2026-05-18T21:13:00Z,365,21,13,11,0,0,11,0.203,3,29610.48,False,none,LOW,3037,144,4.74,
2026-05-18T21:14:00Z,366,21,14,8,0,0,8,0.2158,6,16502.9,False,none,LOW,3045,144,4.73,
2026-05-18T21:15:00Z,367,21,15,8,1,0,7,0.1457,1,32671.04,False,none,LOW,3053,145,4.75,
2026-05-18T21:16:00Z,368,21,16,8,0,0,8,0.5866,1,298020.01,True,amount_spike,MEDIUM,3061,145,4.74,"Amount Spike — abnormal USD volume, possible wire fraud"
2026-05-18T21:17:00Z,369,21,17,7,1,0,6,0.0645,3,8339.77,False,none,LOW,3068,146,4.76,
2026-05-18T21:18:00Z,370,21,18,3,0,1,2,0.7857,15,20892.16,True,risk_surge,HIGH,3071,146,4.75,Risk Surge — device or IP clustering detected
2026-05-18T21:19:00Z,371,21,19,10,0,0,10,0.0656,9,32686.19,False,none,LOW,3081,146,4.74,
2026-05-18T21:20:00Z,372,21,20,3,0,0,3,0.0614,4,6048.22,False,none,LOW,3084,146,4.73,
2026-05-18T21:21:00Z,373,21,21,3,0,0,3,0.1208,3,28408.2,False,none,LOW,3087,146,4.73,
2026-05-18T21:22:00Z,374,21,22,7,0,0,7,0.1882,8,18809.87,False,none,LOW,3094,146,4.72,
2026-05-18T21:23:00Z,375,21,23,4,1,0,3,0.178,6,8402.0,False,none,LOW,3098,147,4.74,
2026-05-18T21:24:00Z,376,21,24,6,2,1,3,0.2769,9,25749.57,False,none,LOW,3104,149,4.8,
2026-05-18T21:25:00Z,377,21,25,7,0,0,7,0.1845,6,30467.92,False,none,LOW,3111,149,4.79,
2026-05-18T21:26:00Z,378,21,26,8,0,1,7,0.5052,9,170718.48,True,amount_spike,MEDIUM,3119,149,4.78,"Amount Spike — abnormal USD volume, possible wire fraud"
2026-05-18T21:27:00Z,379,21,27,5,0,1,4,0.0623,3,6793.99,False,none,LOW,3124,149,4.77,
2026-05-18T21:28:00Z,380,21,28,8,0,1,7,0.1519,7,30668.61,False,none,LOW,3132,149,4.76,
2026-05-18T21:29:00Z,381,21,29,6,0,2,4,0.175,1,14003.22,False,none,LOW,3138,149,4.75,
2026-05-18T21:30:00Z,382,21,30,10,0,1,9,0.1267,7,9141.19,False,none,LOW,3148,149,4.73,
2026-05-18T21:31:00Z,383,21,31,7,0,0,7,0.3435,7,17302.47,False,none,LOW,3155,149,4.72,
2026-05-18T21:32:00Z,384,21,32,5,0,0,5,0.2688,5,7392.75,False,none,LOW,3160,149,4.72,
2026-05-18T21:33:00Z,385,21,33,7,0,0,7,0.1968,4,27919.65,False,none,LOW,3167,149,4.7,
2026-05-18T21:34:00Z,386,21,34,7,0,0,7,0.299,5,33150.27,False,none,LOW,3174,149,4.69,
2026-05-18T21:35:00Z,387,21,35,8,0,1,7,0.7295,2,194339.9,True,amount_spike,HIGH,3182,149,4.68,"Amount Spike — abnormal USD volume, possible wire fraud"
2026-05-18T21:36:00Z,388,21,36,5,1,0,4,0.2055,7,22874.85,False,none,LOW,3187,150,4.71,
2026-05-18T21:37:00Z,389,21,37,5,0,0,5,0.1551,1,14083.16,False,none,LOW,3192,150,4.7,
2026-05-18T21:38:00Z,390,21,38,9,0,0,9,0.1265,8,18725.29,False,none,LOW,3201,150,4.69,
2026-05-18T21:39:00Z,391,21,39,7,0,0,7,0.3443,2,7809.43,False,none,LOW,3208,150,4.68,
2026-05-18T21:40:00Z,392,21,40,5,0,0,5,0.3364,8,13323.54,False,none,LOW,3213,150,4.67,
2026-05-18T21:41:00Z,393,21,41,8,0,0,8,0.137,8,34062.01,False,none,LOW,3221,150,4.66,
2026-05-18T21:42:00Z,394,21,42,6,0,1,5,0.3288,3,5339.58,False,none,LOW,3227,150,4.65,
2026-05-18T21:43:00Z,395,21,43,5,0,1,4,0.4884,4,296001.94,True,amount_spike,MEDIUM,3232,150,4.64,"Amount Spike — abnormal USD volume, possible wire fraud"
2026-05-18T21:44:00Z,396,21,44,13,0,1,12,0.5741,2,181874.43,True,amount_spike,MEDIUM,3245,150,4.62,"Amount Spike — abnormal USD volume, possible wire fraud"
2026-05-18T21:45:00Z,397,21,45,6,0,1,5,0.2455,6,22695.16,False,none,LOW,3251,150,4.61,
2026-05-18T21:46:00Z,398,21,46,6,0,1,5,0.4677,6,169786.55,True,amount_spike,MEDIUM,3257,150,4.61,"Amount Spike — abnormal USD volume, possible wire fraud"
2026-05-18T21:47:00Z,399,21,47,3,0,0,3,0.1674,3,28300.06,False,none,LOW,3260,150,4.6,
2026-05-18T21:48:00Z,400,21,48,6,0,0,6,0.1366,9,32091.76,False,none,LOW,3266,150,4.59,
2026-05-18T21:49:00Z,401,21,49,4,0,0,4,0.3176,2,23686.6,False,none,LOW,3270,150,4.59,
2026-05-18T21:50:00Z,402,21,50,12,0,0,12,0.1086,9,31437.3,False,none,LOW,3282,150,4.57,
2026-05-18T21:51:00Z,403,21,51,6,1,0,5,0.2776,7,19698.25,False,none,LOW,3288,151,4.59,
2026-05-18T21:52:00Z,404,21,52,9,0,0,9,0.279,3,4262.48,False,none,LOW,3297,151,4.58,
2026-05-18T21:53:00Z,405,21,53,11,1,1,9,0.2863,1,31599.11,False,none,LOW,3308,152,4.59,
2026-05-18T21:54:00Z,406,21,54,6,0,1,5,0.198,4,3754.32,False,none,LOW,3314,152,4.59,
2026-05-18T21:55:00Z,407,21,55,8,0,0,8,0.117,3,3239.34,False,none,LOW,3322,152,4.58,
2026-05-18T21:56:00Z,408,21,56,13,0,1,12,0.2058,6,23766.48,False,none,LOW,3335,152,4.56,
2026-05-18T21:57:00Z,409,21,57,9,0,1,8,0.2881,9,11908.19,False,none,LOW,3344,152,4.55,
2026-05-18T21:58:00Z,410,21,58,7,0,1,6,0.1395,8,23561.02,False,none,LOW,3351,152,4.54,
2026-05-18T21:59:00Z,411,21,59,6,0,2,4,0.08,3,27916.14,False,none,LOW,3357,152,4.53,
2026-05-18T22:00:00Z,412,22,0,3,0,0,3,0.1257,5,3012.01,False,none,LOW,3360,152,4.52,
2026-05-18T22:01:00Z,413,22,1,7,0,0,7,0.1933,6,22043.72,False,none,LOW,3367,152,4.51,
2026-05-18T22:02:00Z,414,22,2,4,0,0,4,0.0974,7,4800.18,False,none,LOW,3371,152,4.51,
2026-05-18T22:03:00Z,415,22,3,5,0,1,4,0.0915,8,28328.21,False,none,LOW,3376,152,4.5,
2026-05-18T22:04:00Z,416,22,4,5,0,0,5,0.2284,6,27646.92,False,none,LOW,3381,152,4.5,
2026-05-18T22:05:00Z,417,22,5,3,0,2,1,0.0638,8,34751.14,False,none,LOW,3384,152,4.49,
2026-05-18T22:06:00Z,418,22,6,3,0,1,2,0.2283,8,28931.81,False,none,LOW,3387,152,4.49,
2026-05-18T22:07:00Z,419,22,7,2,0,0,2,0.1874,2,3504.16,False,none,LOW,3389,152,4.49,
2026-05-18T22:08:00Z,420,22,8,5,4,1,0,0.7349,28,56772.28,True,burst,HIGH,3394,156,4.6,Velocity Burst — possible card testing or account takeover
2026-05-18T22:09:00Z,421,22,9,6,0,1,5,0.0628,1,14474.5,False,none,LOW,3400,156,4.59,
2026-05-18T22:10:00Z,422,22,10,7,1,0,6,0.2208,5,4011.63,False,none,LOW,3407,157,4.61,
2026-05-18T22:11:00Z,423,22,11,7,0,2,5,0.3437,2,31478.37,False,none,LOW,3414,157,4.6,
2026-05-18T22:12:00Z,424,22,12,5,0,0,5,0.0562,9,30929.69,False,none,LOW,3419,157,4.59,
2026-05-18T22:13:00Z,425,22,13,5,0,0,5,0.0788,9,10783.34,False,none,LOW,3424,157,4.59,
2026-05-18T22:14:00Z,426,22,14,5,1,1,3,0.0964,9,12969.7,False,none,LOW,3429,158,4.61,
2026-05-18T22:15:00Z,427,22,15,4,0,1,3,0.6378,4,155489.63,True,amount_spike,HIGH,3433,158,4.6,"Amount Spike — abnormal USD volume, possible wire fraud"
2026-05-18T22:16:00Z,428,22,16,3,1,0,2,0.1546,1,4189.69,False,none,LOW,3436,159,4.63,
2026-05-18T22:17:00Z,429,22,17,5,0,0,5,0.3034,7,29560.33,False,none,LOW,3441,159,4.62,
2026-05-18T22:18:00Z,430,22,18,6,0,1,5,0.0895,5,2013.76,False,none,LOW,3447,159,4.61,
2026-05-18T22:19:00Z,431,22,19,3,0,0,3,0.085,8,11487.38,False,none,LOW,3450,159,4.61,
2026-05-18T22:20:00Z,432,22,20,6,0,0,6,0.2421,3,23455.38,False,none,LOW,3456,159,4.6,
2026-05-18T22:21:00Z,433,22,21,8,0,2,6,0.1523,6,20827.75,False,none,LOW,3464,159,4.59,
2026-05-18T22:22:00Z,434,22,22,8,0,0,8,0.1615,9,3211.5,False,none,LOW,3472,159,4.58,
2026-05-18T22:23:00Z,435,22,23,7,0,0,7,0.0632,4,15714.61,False,none,LOW,3479,159,4.57,
2026-05-18T22:24:00Z,436,22,24,7,0,0,7,0.3038,5,26749.44,False,none,LOW,3486,159,4.56,
2026-05-18T22:25:00Z,437,22,25,4,0,0,4,0.2195,1,6815.88,False,none,LOW,3490,159,4.56,
2026-05-18T22:26:00Z,438,22,26,4,1,0,3,0.0725,6,24067.1,False,none,LOW,3494,160,4.58,
2026-05-18T22:27:00Z,439,22,27,4,2,0,2,0.3,4,8755.76,False,none,LOW,3498,162,4.63,
2026-05-18T22:28:00Z,440,22,28,6,0,1,5,0.3015,2,28435.51,False,none,LOW,3504,162,4.62,
2026-05-18T22:29:00Z,441,22,29,1,0,0,1,0.2681,1,8935.45,False,none,LOW,3505,162,4.62,
2026-05-18T22:30:00Z,442,22,30,4,0,0,4,0.3406,3,31395.72,False,none,LOW,3509,162,4.62,
2026-05-18T22:31:00Z,443,22,31,10,0,0,10,0.2579,4,30004.31,False,none,LOW,3519,162,4.6,
2026-05-18T22:32:00Z,444,22,32,5,0,0,5,0.2301,9,14490.72,False,none,LOW,3524,162,4.6,
2026-05-18T22:33:00Z,445,22,33,5,1,0,4,0.2739,3,14508.55,False,none,LOW,3529,163,4.62,
2026-05-18T22:34:00Z,446,22,34,7,0,0,7,0.2566,9,32335.89,False,none,LOW,3536,163,4.61,
2026-05-18T22:35:00Z,447,22,35,7,0,1,6,0.1798,7,8787.01,False,none,LOW,3543,163,4.6,
2026-05-18T22:36:00Z,448,22,36,6,0,0,6,0.2617,2,23732.85,False,none,LOW,3549,163,4.59,
2026-05-18T22:37:00Z,449,22,37,4,0,0,4,0.09,8,21837.0,False,none,LOW,3553,163,4.59,
2026-05-18T22:38:00Z,450,22,38,6,5,1,0,0.9314,31,37874.14,True,burst,CRITICAL,3559,168,4.72,Velocity Burst — possible card testing or account takeover
2026-05-18T22:39:00Z,451,22,39,6,0,0,6,0.19,5,6503.23,False,none,LOW,3565,168,4.71,
2026-05-18T22:40:00Z,452,22,40,5,0,0,5,0.3233,6,28822.46,False,none,LOW,3570,168,4.71,
2026-05-18T22:41:00Z,453,22,41,5,0,1,4,0.1916,8,25885.39,False,none,LOW,3575,168,4.7,
2026-05-18T22:42:00Z,454,22,42,6,2,1,3,0.2205,6,3499.21,False,none,LOW,3581,170,4.75,
2026-05-18T22:43:00Z,455,22,43,7,0,0,7,0.3473,2,10613.2,False,none,LOW,3588,170,4.74,
2026-05-18T22:44:00Z,456,22,44,4,0,1,3,0.2238,5,27508.85,False,none,LOW,3592,170,4.73,
2026-05-18T22:45:00Z,457,22,45,2,0,0,2,0.2756,8,6933.66,False,none,LOW,3594,170,4.73,
2026-05-18T22:46:00Z,458,22,46,6,1,0,5,0.2039,3,11044.23,False,none,LOW,3600,171,4.75,
2026-05-18T22:47:00Z,459,22,47,4,1,0,3,0.3269,1,19093.73,False,none,LOW,3604,172,4.77,
2026-05-18T22:48:00Z,460,22,48,3,0,1,2,0.098,2,30183.83,False,none,LOW,3607,172,4.77,
2026-05-18T22:49:00Z,461,22,49,4,0,0,4,0.2005,4,22347.06,False,none,LOW,3611,172,4.76,
2026-05-18T22:50:00Z,462,22,50,12,0,0,12,0.34,8,18952.05,False,none,LOW,3623,172,4.75,
2026-05-18T22:51:00Z,463,22,51,6,0,0,6,0.1315,8,7275.47,False,none,LOW,3629,172,4.74,
2026-05-18T22:52:00Z,464,22,52,4,3,0,1,0.8981,38,43348.59,True,burst,CRITICAL,3633,175,4.82,Velocity Burst — possible card testing or account takeover
2026-05-18T22:53:00Z,465,22,53,2,0,3,0,0.6212,12,31067.94,True,risk_surge,HIGH,3635,175,4.81,Risk Surge — device or IP clustering detected
2026-05-18T22:54:00Z,466,22,54,6,3,0,3,0.9208,25,63032.94,True,burst,CRITICAL,3641,178,4.89,Velocity Burst — possible card testing or account takeover
2026-05-18T22:55:00Z,467,22,55,9,0,1,8,0.1931,3,8345.37,False,none,LOW,3650,178,4.88,
2026-05-18T22:56:00Z,468,22,56,6,0,1,5,0.2281,1,9348.8,False,none,LOW,3656,178,4.87,
2026-05-18T22:57:00Z,469,22,57,6,0,0,6,0.0869,8,25819.06,False,none,LOW,3662,178,4.86,
2026-05-18T22:58:00Z,470,22,58,5,0,0,5,0.0964,6,12275.79,False,none,LOW,3667,178,4.85,
2026-05-18T22:59:00Z,471,22,59,9,0,0,9,0.2756,8,21072.2,False,none,LOW,3676,178,4.84,
2026-05-18T23:00:00Z,472,23,0,6,0,0,6,0.0682,7,5130.45,False,none,LOW,3682,178,4.83,
2026-05-18T23:01:00Z,473,23,1,5,0,0,5,0.2896,1,31210.62,False,none,LOW,3687,178,4.83,
2026-05-18T23:02:00Z,474,23,2,2,0,1,1,0.1927,5,14933.02,False,none,LOW,3689,178,4.83,
2026-05-18T23:03:00Z,475,23,3,7,0,1,6,0.2466,8,18664.08,False,none,LOW,3696,178,4.82,
2026-05-18T23:04:00Z,476,23,4,8,0,0,8,0.1722,3,18271.36,False,none,LOW,3704,178,4.81,
2026-05-18T23:05:00Z,477,23,5,8,0,1,7,0.0871,6,33979.86,False,none,LOW,3712,178,4.8,
2026-05-18T23:06:00Z,478,23,6,4,0,3,1,0.9408,13,7356.78,True,risk_surge,CRITICAL,3716,178,4.79,Risk Surge — device or IP clustering detected
2026-05-18T23:07:00Z,479,23,7,7,0,0,7,0.3361,4,34854.72,False,none,LOW,3723,178,4.78,
2026-05-18T23:08:00Z,480,23,8,4,0,0,4,0.3217,4,12716.97,False,none,LOW,3727,178,4.78,
2026-05-18T23:09:00Z,481,23,9,3,0,0,3,0.155,1,9472.36,False,none,LOW,3730,178,4.77,
2026-05-18T23:10:00Z,482,23,10,2,0,0,2,0.2905,7,33582.33,False,none,LOW,3732,178,4.77,
2026-05-18T23:11:00Z,483,23,11,6,1,0,5,0.3342,9,13881.75,False,none,LOW,3738,179,4.79,
2026-05-18T23:12:00Z,484,23,12,10,1,1,8,0.2284,6,28103.04,False,none,LOW,3748,180,4.8,
2026-05-18T23:13:00Z,485,23,13,4,0,1,3,0.2591,7,23250.61,False,none,LOW,3752,180,4.8,
2026-05-18T23:14:00Z,486,23,14,4,0,0,4,0.2822,8,25571.88,False,none,LOW,3756,180,4.79,
2026-05-18T23:15:00Z,487,23,15,8,0,0,8,0.2229,7,15067.76,False,none,LOW,3764,180,4.78,
2026-05-18T23:16:00Z,488,23,16,3,0,0,3,0.3354,3,2895.62,False,none,LOW,3767,180,4.78,
2026-05-18T23:17:00Z,489,23,17,8,0,0,8,0.0884,6,10502.53,False,none,LOW,3775,180,4.77,
2026-05-18T23:18:00Z,490,23,18,13,0,0,13,0.743,6,236583.67,True,amount_spike,HIGH,3788,180,4.75,"Amount Spike — abnormal USD volume, possible wire fraud"
2026-05-18T23:19:00Z,491,23,19,3,4,0,0,0.6879,22,60605.72,True,burst,HIGH,3791,184,4.85,Velocity Burst — possible card testing or account takeover
2026-05-18T23:20:00Z,492,23,20,1,0,1,0,0.2716,3,32577.39,False,none,LOW,3792,184,4.85,
2026-05-18T23:21:00Z,493,23,21,3,0,0,3,0.1375,8,34328.86,False,none,LOW,3795,184,4.85,
2026-05-18T23:22:00Z,494,23,22,3,0,0,3,0.1012,8,11020.33,False,none,LOW,3798,184,4.84,
2026-05-18T23:23:00Z,495,23,23,5,0,0,5,0.289,1,17239.82,False,none,LOW,3803,184,4.84,
2026-05-18T23:24:00Z,496,23,24,7,0,0,7,0.1484,4,20934.76,False,none,LOW,3810,184,4.83,
2026-05-18T23:25:00Z,497,23,25,6,2,0,4,0.8245,30,58409.48,True,burst,CRITICAL,3816,186,4.87,Velocity Burst — possible card testing or account takeover
2026-05-18T23:26:00Z,498,23,26,8,0,0,8,0.3367,6,11597.61,False,none,LOW,3824,186,4.86,
2026-05-18T23:27:00Z,499,23,27,7,0,0,7,0.2634,8,7155.4,False,none,LOW,3831,186,4.86,
2026-05-18T23:28:00Z,500,23,28,6,0,2,4,0.2926,2,30241.68,False,none,LOW,3837,186,4.85,
2026-05-18T23:29:00Z,501,23,29,5,0,0,5,0.2104,7,2719.56,False,none,LOW,3842,186,4.84,
2026-05-18T23:30:00Z,502,23,30,5,0,0,5,0.1809,4,13775.31,False,none,LOW,3847,186,4.83,
2026-05-18T23:31:00Z,503,23,31,3,0,0,3,0.1978,7,28267.17,False,none,LOW,3850,186,4.83,
2026-05-18T23:32:00Z,504,23,32,7,0,0,7,0.1021,4,18970.64,False,none,LOW,3857,186,4.82,
2026-05-18T23:33:00Z,505,23,33,7,0,0,7,0.2478,6,5467.58,False,none,LOW,3864,186,4.81,
2026-05-18T23:34:00Z,506,23,34,2,0,0,2,0.2318,6,14031.02,False,none,LOW,3866,186,4.81,
2026-05-18T23:35:00Z,507,23,35,10,0,1,9,0.2113,8,3612.38,False,none,LOW,3876,186,4.8,
2026-05-18T23:36:00Z,508,23,36,6,6,0,0,0.8485,26,49620.84,True,burst,CRITICAL,3882,192,4.95,Velocity Burst — possible card testing or account takeover
2026-05-18T23:37:00Z,509,23,37,5,1,0,4,0.1062,7,14156.67,False,none,LOW,3887,193,4.97,
2026-05-18T23:38:00Z,510,23,38,6,0,1,5,0.2094,8,4395.52,False,none,LOW,3893,193,4.96,
2026-05-18T23:39:00Z,511,23,39,4,0,2,2,0.1481,5,3566.91,False,none,LOW,3897,193,4.95,
2026-05-18T23:40:00Z,512,23,40,4,0,0,4,0.3157,4,23712.98,False,none,LOW,3901,193,4.95,
2026-05-18T23:41:00Z,513,23,41,7,0,0,7,0.193,4,10722.44,False,none,LOW,3908,193,4.94,
2026-05-18T23:42:00Z,514,23,42,1,0,0,1,0.2625,3,11112.29,False,none,LOW,3909,193,4.94,
2026-05-18T23:43:00Z,515,23,43,6,1,1,4,0.2968,2,20096.04,False,none,LOW,3915,194,4.96,
2026-05-18T23:44:00Z,516,23,44,3,1,0,2,0.2869,4,6241.71,False,none,LOW,3918,195,4.98,
2026-05-18T23:45:00Z,517,23,45,2,7,0,0,0.7804,31,57104.15,True,burst,CRITICAL,3920,202,5.15,Velocity Burst — possible card testing or account takeover
2026-05-18T23:46:00Z,518,23,46,3,0,0,3,0.2475,4,8801.01,False,none,LOW,3923,202,5.15,
2026-05-18T23:47:00Z,519,23,47,3,1,1,1,0.2298,8,32655.03,False,none,LOW,3926,203,5.17,
2026-05-18T23:48:00Z,520,23,48,4,0,3,1,0.0962,7,23578.3,False,none,LOW,3930,203,5.17,
2026-05-18T23:49:00Z,521,23,49,5,0,1,4,0.0841,1,23553.11,False,none,LOW,3935,203,5.16,
2026-05-18T23:50:00Z,522,23,50,5,0,0,5,0.2942,4,17208.28,False,none,LOW,3940,203,5.15,
2026-05-18T23:51:00Z,523,23,51,6,0,1,5,0.0559,4,7304.06,False,none,LOW,3946,203,5.14,
2026-05-18T23:52:00Z,524,23,52,4,0,1,3,0.2005,6,8211.44,False,none,LOW,3950,203,5.14,
2026-05-18T23:53:00Z,525,23,53,9,1,0,8,0.0559,7,3952.33,False,none,LOW,3959,204,5.15,
2026-05-18T23:54:00Z,526,23,54,3,0,0,3,0.0833,7,14912.22,False,none,LOW,3962,204,5.15,
2026-05-18T23:55:00Z,527,23,55,4,0,2,2,0.1416,1,19554.3,False,none,LOW,3966,204,5.14,
2026-05-18T23:56:00Z,528,23,56,1,4,0,0,0.899,26,75701.83,True,burst,CRITICAL,3967,208,5.24,Velocity Burst — possible card testing or account takeover
2026-05-18T23:57:00Z,529,23,57,3,2,1,0,0.1578,9,2287.59,False,none,LOW,3970,210,5.29,
2026-05-18T23:58:00Z,530,23,58,3,0,1,2,0.1632,1,34923.81,False,none,LOW,3973,210,5.29,
2026-05-18T23:59:00Z,531,23,59,10,0,0,10,0.3192,2,34525.98,False,none,LOW,3983,210,5.27,
2026-05-19T00:00:00Z,532,0,0,1,1,0,0,0.171,8,11694.75,False,none,LOW,3984,211,5.3,
2026-05-19T00:01:00Z,533,0,1,3,0,0,3,0.3343,8,31762.56,False,none,LOW,3987,211,5.29,
2026-05-19T00:02:00Z,534,0,2,0,1,0,0,0.0508,7,33324.66,False,none,LOW,3987,212,5.32,
2026-05-19T00:03:00Z,535,0,3,2,0,0,2,0.0691,5,14705.01,False,none,LOW,3989,212,5.31,
2026-05-19T00:04:00Z,536,0,4,3,1,1,1,0.2153,8,34719.05,False,none,LOW,3992,213,5.34,
2026-05-19T00:05:00Z,537,0,5,2,0,0,2,0.3476,4,7737.79,False,none,LOW,3994,213,5.33,
2026-05-19T00:06:00Z,538,0,6,3,2,0,1,0.3052,8,29535.33,False,none,LOW,3997,215,5.38,
2026-05-19T00:07:00Z,539,0,7,2,0,0,2,0.1242,1,21276.61,False,none,LOW,3999,215,5.38,
2026-05-19T00:08:00Z,540,0,8,2,0,1,1,0.2028,2,17279.51,False,none,LOW,4001,215,5.37,
2026-05-19T00:09:00Z,541,0,9,2,0,0,2,0.212,2,29419.07,False,none,LOW,4003,215,5.37,
2026-05-19T00:10:00Z,542,0,10,2,1,0,1,0.1298,9,7017.18,False,none,LOW,4005,216,5.39,
2026-05-19T00:11:00Z,543,0,11,2,0,0,2,0.0776,6,16536.7,False,none,LOW,4007,216,5.39,
2026-05-19T00:12:00Z,544,0,12,5,1,0,4,0.3208,6,16008.06,False,none,LOW,4012,217,5.41,
2026-05-19T00:13:00Z,545,0,13,1,5,1,0,0.9422,37,64570.88,True,burst,CRITICAL,4013,222,5.53,Velocity Burst — possible card testing or account takeover
2026-05-19T00:14:00Z,546,0,14,0,0,0,0,0.1101,4,8651.35,False,none,LOW,4013,222,5.53,
2026-05-19T00:15:00Z,547,0,15,3,0,1,2,0.1217,8,25525.04,False,none,LOW,4016,222,5.53,
2026-05-19T00:16:00Z,548,0,16,1,0,1,0,0.1313,9,28537.65,False,none,LOW,4017,222,5.53,
2026-05-19T00:17:00Z,549,0,17,2,1,0,1,0.2266,2,25146.43,False,none,LOW,4019,223,5.55,
2026-05-19T00:18:00Z,550,0,18,2,0,1,1,0.1453,4,34599.73,False,none,LOW,4021,223,5.55,
2026-05-19T00:19:00Z,551,0,19,2,0,0,2,0.258,3,21919.49,False,none,LOW,4023,223,5.54,
2026-05-19T00:20:00Z,552,0,20,1,1,0,0,0.23,7,11129.91,False,none,LOW,4024,224,5.57,
2026-05-19T00:21:00Z,553,0,21,2,0,0,2,0.1284,1,28138.17,False,none,LOW,4026,224,5.56,
2026-05-19T00:22:00Z,554,0,22,1,0,0,1,0.2,1,17315.33,False,none,LOW,4027,224,5.56,
2026-05-19T00:23:00Z,555,0,23,0,0,0,0,0.1284,7,4755.56,False,none,LOW,4027,224,5.56,
2026-05-19T00:24:00Z,556,0,24,1,1,0,0,0.1488,7,3973.44,False,none,LOW,4028,225,5.59,
2026-05-19T00:25:00Z,557,0,25,1,0,1,0,0.0949,7,14653.84,False,none,LOW,4029,225,5.58,
2026-05-19T00:26:00Z,558,0,26,2,0,2,0,0.1063,4,29353.0,False,none,LOW,4031,225,5.58,
2026-05-19T00:27:00Z,559,0,27,3,2,1,0,0.2455,6,15011.1,False,none,LOW,4034,227,5.63,
2026-05-19T00:28:00Z,560,0,28,3,0,0,3,0.6172,8,113394.98,True,amount_spike,HIGH,4037,227,5.62,"Amount Spike — abnormal USD volume, possible wire fraud"
2026-05-19T00:29:00Z,561,0,29,2,0,0,2,0.2564,1,18951.14,False,none,LOW,4039,227,5.62,
2026-05-19T00:30:00Z,562,0,30,3,0,1,2,0.3013,8,13879.76,False,none,LOW,4042,227,5.62,
2026-05-19T00:31:00Z,563,0,31,1,0,1,0,0.2942,7,18839.48,False,none,LOW,4043,227,5.61,
2026-05-19T00:32:00Z,564,0,32,1,0,0,1,0.284,7,29683.13,False,none,LOW,4044,227,5.61,
2026-05-19T00:33:00Z,565,0,33,5,2,1,2,0.3332,9,5099.9,False,none,LOW,4049,229,5.66,
2026-05-19T00:34:00Z,566,0,34,1,0,1,0,0.3193,9,2857.26,False,none,LOW,4050,229,5.65,
2026-05-19T00:35:00Z,567,0,35,5,0,0,5,0.1223,3,27209.38,False,none,LOW,4055,229,5.65,
2026-05-19T00:36:00Z,568,0,36,3,0,0,3,0.1661,9,33749.83,False,none,LOW,4058,229,5.64,
2026-05-19T00:37:00Z,569,0,37,2,1,0,1,0.4751,7,263349.87,True,amount_spike,MEDIUM,4060,230,5.67,"Amount Spike — abnormal USD volume, possible wire fraud"
2026-05-19T00:38:00Z,570,0,38,1,0,2,0,0.2577,9,26794.13,False,none,LOW,4061,230,5.66,
2026-05-19T00:39:00Z,571,0,39,5,0,0,5,0.2768,4,32998.99,False,none,LOW,4066,230,5.66,
2026-05-19T00:40:00Z,572,0,40,1,0,0,1,0.1181,4,34494.9,False,none,LOW,4067,230,5.66,
2026-05-19T00:41:00Z,573,0,41,1,0,1,0,0.2232,5,6155.38,False,none,LOW,4068,230,5.65,
2026-05-19T00:42:00Z,574,0,42,2,0,0,2,0.3471,4,30345.95,False,none,LOW,4070,230,5.65,
2026-05-19T00:43:00Z,575,0,43,0,0,0,0,0.2746,1,25948.74,False,none,LOW,4070,230,5.65,
2026-05-19T00:44:00Z,576,0,44,1,0,0,1,0.1281,9,26015.92,False,none,LOW,4071,230,5.65,
2026-05-19T00:45:00Z,577,0,45,0,0,1,0,0.2236,9,25446.48,False,none,LOW,4071,230,5.65,
2026-05-19T00:46:00Z,578,0,46,2,0,1,1,0.2901,2,10527.48,False,none,LOW,4073,230,5.65,
2026-05-19T00:47:00Z,579,0,47,2,0,0,2,0.1514,8,21959.21,False,none,LOW,4075,230,5.64,
2026-05-19T00:48:00Z,580,0,48,2,0,0,2,0.3157,3,34129.91,False,none,LOW,4077,230,5.64,
2026-05-19T00:49:00Z,581,0,49,2,0,0,2,0.1644,6,24176.76,False,none,LOW,4079,230,5.64,
2026-05-19T00:50:00Z,582,0,50,3,0,0,3,0.318,7,20865.02,False,none,LOW,4082,230,5.63,
2026-05-19T00:51:00Z,583,0,51,2,0,1,1,0.174,6,22590.72,False,none,LOW,4084,230,5.63,
2026-05-19T00:52:00Z,584,0,52,3,0,0,3,0.1844,9,2725.23,False,none,LOW,4087,230,5.63,
2026-05-19T00:53:00Z,585,0,53,3,0,1,2,0.342,2,24037.31,False,none,LOW,4090,230,5.62,
2026-05-19T00:54:00Z,586,0,54,2,1,1,0,0.3263,2,6539.29,False,none,LOW,4092,231,5.65,
2026-05-19T00:55:00Z,587,0,55,1,0,1,0,0.3181,3,5637.43,False,none,LOW,4093,231,5.64,
2026-05-19T00:56:00Z,588,0,56,3,0,1,2,0.0964,8,14911.89,False,none,LOW,4096,231,5.64,
2026-05-19T00:57:00Z,589,0,57,0,1,0,0,0.2801,1,10233.51,False,none,LOW,4096,232,5.66,
2026-05-19T00:58:00Z,590,0,58,3,2,1,0,0.1963,4,34167.72,False,none,LOW,4099,234,5.71,
2026-05-19T00:59:00Z,591,0,59,2,0,0,2,0.228,2,14980.35,False,none,LOW,4101,234,5.71,
2026-05-19T01:00:00Z,592,1,0,1,0,0,1,0.2729,9,17151.08,False,none,LOW,4102,234,5.7,
2026-05-19T01:01:00Z,593,1,1,0,0,0,0,0.1533,9,25258.15,False,none,LOW,4102,234,5.7,
2026-05-19T01:02:00Z,594,1,2,1,0,1,0,0.3411,8,12433.33,False,none,LOW,4103,234,5.7,
2026-05-19T01:03:00Z,595,1,3,0,2,0,0,0.061,9,19957.4,False,none,LOW,4103,236,5.75,
2026-05-19T01:04:00Z,596,1,4,0,0,0,0,0.2904,7,8328.48,False,none,LOW,4103,236,5.75,
2026-05-19T01:05:00Z,597,1,5,1,1,0,0,0.2701,5,7402.2,False,none,LOW,4104,237,5.77,
2026-05-19T01:06:00Z,598,1,6,2,0,0,2,0.0652,7,31127.2,False,none,LOW,4106,237,5.77,
2026-05-19T01:07:00Z,599,1,7,2,1,0,1,0.3203,9,17992.36,False,none,LOW,4108,238,5.79,
2026-05-19T01:08:00Z,600,1,8,3,0,0,3,0.1118,8,22977.31,False,none,LOW,4111,238,5.79,
2026-05-19T01:09:00Z,601,1,9,4,0,0,4,0.1658,4,34120.68,False,none,LOW,4115,238,5.78,
2026-05-19T01:10:00Z,602,1,10,3,0,0,3,0.2142,7,34427.28,False,none,LOW,4118,238,5.78,
2026-05-19T01:11:00Z,603,1,11,2,1,2,0,0.2557,7,18505.36,False,none,LOW,4120,239,5.8,
2026-05-19T01:12:00Z,604,1,12,2,0,0,2,0.134,1,23641.88,False,none,LOW,4122,239,5.8,
2026-05-19T01:13:00Z,605,1,13,4,0,1,3,0.6789,8,251403.6,True,amount_spike,HIGH,4126,239,5.79,"Amount Spike — abnormal USD volume, possible wire fraud"
2026-05-19T01:14:00Z,606,1,14,3,0,1,2,0.1802,6,5643.71,False,none,LOW,4129,239,5.79,
2026-05-19T01:15:00Z,607,1,15,2,0,2,0,0.2154,7,32334.68,False,none,LOW,4131,239,5.79,
2026-05-19T01:16:00Z,608,1,16,4,0,0,4,0.2906,8,2843.47,False,none,LOW,4135,239,5.78,
2026-05-19T01:17:00Z,609,1,17,1,1,0,0,0.2981,4,20171.51,False,none,LOW,4136,240,5.8,
2026-05-19T01:18:00Z,610,1,18,3,1,1,1,0.208,1,32172.81,False,none,LOW,4139,241,5.82,
2026-05-19T01:19:00Z,611,1,19,1,6,0,0,0.7851,24,55031.64,True,burst,HIGH,4140,247,5.97,Velocity Burst — possible card testing or account takeover
2026-05-19T01:20:00Z,612,1,20,4,0,1,3,0.0909,1,29088.6,False,none,LOW,4144,247,5.96,
2026-05-19T01:21:00Z,613,1,21,3,0,0,3,0.0834,8,33314.34,False,none,LOW,4147,247,5.96,
2026-05-19T01:22:00Z,614,1,22,0,0,1,0,0.6013,8,198993.02,True,amount_spike,HIGH,4147,247,5.96,"Amount Spike — abnormal USD volume, possible wire fraud"
2026-05-19T01:23:00Z,615,1,23,5,0,0,5,0.3124,7,12055.48,False,none,LOW,4152,247,5.95,
2026-05-19T01:24:00Z,616,1,24,2,0,1,1,0.2384,7,28482.75,False,none,LOW,4154,247,5.95,
2026-05-19T01:25:00Z,617,1,25,3,0,0,3,0.2103,9,2061.87,False,none,LOW,4157,247,5.94,
2026-05-19T01:26:00Z,618,1,26,2,0,0,2,0.3115,4,4540.6,False,none,LOW,4159,247,5.94,
2026-05-19T01:27:00Z,619,1,27,4,1,0,3,0.1167,5,26591.91,False,none,LOW,4163,248,5.96,
2026-05-19T01:28:00Z,620,1,28,1,0,0,1,0.2402,7,24637.97,False,none,LOW,4164,248,5.96,
2026-05-19T01:29:00Z,621,1,29,1,0,0,1,0.0648,6,11977.18,False,none,LOW,4165,248,5.95,
2026-05-19T01:30:00Z,622,1,30,4,4,0,0,0.9464,25,45969.67,True,burst,CRITICAL,4169,252,6.04,Velocity Burst — possible card testing or account takeover
2026-05-19T01:31:00Z,623,1,31,1,0,0,1,0.3346,1,34329.2,False,none,LOW,4170,252,6.04,
2026-05-19T01:32:00Z,624,1,32,0,0,0,0,0.1777,3,11194.51,False,none,LOW,4170,252,6.04,
2026-05-19T01:33:00Z,625,1,33,2,0,1,1,0.1549,3,34521.31,False,none,LOW,4172,252,6.04,
2026-05-19T01:34:00Z,626,1,34,1,1,0,0,0.2325,6,30562.05,False,none,LOW,4173,253,6.06,
2026-05-19T01:35:00Z,627,1,35,1,1,0,0,0.0534,7,3165.81,False,none,LOW,4174,254,6.09,
2026-05-19T01:36:00Z,628,1,36,2,0,0,2,0.113,7,17771.72,False,none,LOW,4176,254,6.08,
2026-05-19T01:37:00Z,629,1,37,1,0,0,1,0.2861,4,25617.25,False,none,LOW,4177,254,6.08,
2026-05-19T01:38:00Z,630,1,38,0,3,1,0,0.7774,29,79512.04,True,burst,HIGH,4177,257,6.15,Velocity Burst — possible card testing or account takeover
2026-05-19T01:39:00Z,631,1,39,1,0,0,1,0.279,9,11042.69,False,none,LOW,4178,257,6.15,
2026-05-19T01:40:00Z,632,1,40,3,8,2,0,0.6833,25,38304.09,True,burst,HIGH,4181,265,6.34,Velocity Burst — possible card testing or account takeover
2026-05-19T01:41:00Z,633,1,41,1,0,0,1,0.1764,3,28331.53,False,none,LOW,4182,265,6.34,
2026-05-19T01:42:00Z,634,1,42,2,1,0,1,0.1845,2,30589.98,False,none,LOW,4184,266,6.36,
2026-05-19T01:43:00Z,635,1,43,2,0,1,1,0.1485,8,29021.52,False,none,LOW,4186,266,6.35,
2026-05-19T01:44:00Z,636,1,44,4,0,0,4,0.1033,9,6217.88,False,none,LOW,4190,266,6.35,
2026-05-19T01:45:00Z,637,1,45,2,12,1,0,0.9079,27,73792.27,True,burst,CRITICAL,4192,278,6.63,Velocity Burst — possible card testing or account takeover
2026-05-19T01:46:00Z,638,1,46,2,0,0,2,0.167,4,23387.85,False,none,LOW,4194,278,6.63,
2026-05-19T01:47:00Z,639,1,47,1,0,0,1,0.2836,1,21697.49,False,none,LOW,4195,278,6.63,
2026-05-19T01:48:00Z,640,1,48,5,0,2,3,0.1121,6,14784.91,False,none,LOW,4200,278,6.62,
2026-05-19T01:49:00Z,641,1,49,2,0,1,1,0.3124,2,2537.08,False,none,LOW,4202,278,6.62,
2026-05-19T01:50:00Z,642,1,50,1,0,0,1,0.2666,3,22932.6,False,none,LOW,4203,278,6.61,
2026-05-19T01:51:00Z,643,1,51,0,0,1,0,0.2851,9,25310.8,False,none,LOW,4203,278,6.61,
2026-05-19T01:52:00Z,644,1,52,2,0,0,2,0.1066,4,27868.49,False,none,LOW,4205,278,6.61,
2026-05-19T01:53:00Z,645,1,53,2,0,0,2,0.2002,9,22481.26,False,none,LOW,4207,278,6.61,
2026-05-19T01:54:00Z,646,1,54,2,1,1,0,0.1533,7,17503.35,False,none,LOW,4209,279,6.63,
2026-05-19T01:55:00Z,647,1,55,3,3,0,0,0.1812,4,32809.1,False,none,LOW,4212,282,6.7,
2026-05-19T01:56:00Z,648,1,56,1,0,0,1,0.267,4,7210.52,False,none,LOW,4213,282,6.69,
2026-05-19T01:57:00Z,649,1,57,2,0,1,1,0.2355,5,10044.38,False,none,LOW,4215,282,6.69,
2026-05-19T01:58:00Z,650,1,58,3,1,1,1,0.2982,8,11837.93,False,none,LOW,4218,283,6.71,
2026-05-19T01:59:00Z,651,1,59,0,0,0,0,0.2209,1,23076.78,False,none,LOW,4218,283,6.71,
2026-05-19T02:00:00Z,652,2,0,3,1,0,2,0.1596,1,32802.0,False,none,LOW,4221,284,6.73,
2026-05-19T02:01:00Z,653,2,1,5,0,0,5,0.6143,4,231601.68,True,amount_spike,HIGH,4226,284,6.72,"Amount Spike — abnormal USD volume, possible wire fraud"
2026-05-19T02:02:00Z,654,2,2,0,0,2,0,0.1676,6,28934.38,False,none,LOW,4226,284,6.72,
2026-05-19T02:03:00Z,655,2,3,3,1,0,2,0.1509,7,32281.25,False,none,LOW,4229,285,6.74,
2026-05-19T02:04:00Z,656,2,4,3,0,0,3,0.0918,7,22041.99,False,none,LOW,4232,285,6.73,
2026-05-19T02:05:00Z,657,2,5,1,0,0,1,0.2243,4,32348.12,False,none,LOW,4233,285,6.73,
2026-05-19T02:06:00Z,658,2,6,5,0,1,4,0.2309,3,21673.73,False,none,LOW,4238,285,6.72,
2026-05-19T02:07:00Z,659,2,7,2,1,1,0,0.0592,4,13074.73,False,none,LOW,4240,286,6.75,
2026-05-19T02:08:00Z,660,2,8,2,0,4,0,0.646,21,9343.24,True,risk_surge,HIGH,4242,286,6.74,Risk Surge — device or IP clustering detected
2026-05-19T02:09:00Z,661,2,9,2,0,0,2,0.265,3,26099.58,False,none,LOW,4244,286,6.74,
2026-05-19T02:10:00Z,662,2,10,2,0,0,2,0.1924,1,29905.84,False,none,LOW,4246,286,6.74,
2026-05-19T02:11:00Z,663,2,11,1,2,2,0,0.2331,4,11299.53,False,none,LOW,4247,288,6.78,
2026-05-19T02:12:00Z,664,2,12,1,0,1,0,0.2376,7,6812.07,False,none,LOW,4248,288,6.78,
2026-05-19T02:13:00Z,665,2,13,2,0,0,2,0.1603,3,5723.73,False,none,LOW,4250,288,6.78,
2026-05-19T02:14:00Z,666,2,14,1,1,0,0,0.119,2,12737.17,False,none,LOW,4251,289,6.8,
2026-05-19T02:15:00Z,667,2,15,4,0,0,4,0.2531,4,2817.35,False,none,LOW,4255,289,6.79,
2026-05-19T02:16:00Z,668,2,16,3,0,0,3,0.1703,7,26869.9,False,none,LOW,4258,289,6.79,
2026-05-19T02:17:00Z,669,2,17,5,0,0,5,0.2196,9,10094.36,False,none,LOW,4263,289,6.78,
2026-05-19T02:18:00Z,670,2,18,2,0,1,1,0.1749,3,26589.53,False,none,LOW,4265,289,6.78,
2026-05-19T02:19:00Z,671,2,19,2,3,3,0,0.6172,12,29250.4,True,risk_surge,HIGH,4267,292,6.84,Risk Surge — device or IP clustering detected
2026-05-19T02:20:00Z,672,2,20,4,0,0,4,0.1582,2,27995.59,False,none,LOW,4271,292,6.84,
2026-05-19T02:21:00Z,673,2,21,3,0,0,3,0.2372,7,29344.32,False,none,LOW,4274,292,6.83,
2026-05-19T02:22:00Z,674,2,22,1,0,0,1,0.32,3,16186.14,False,none,LOW,4275,292,6.83,
2026-05-19T02:23:00Z,675,2,23,1,0,0,1,0.3059,4,31945.93,False,none,LOW,4276,292,6.83,
2026-05-19T02:24:00Z,676,2,24,1,0,0,1,0.3068,2,12345.82,False,none,LOW,4277,292,6.83,
2026-05-19T02:25:00Z,677,2,25,4,0,0,4,0.0739,1,15372.94,False,none,LOW,4281,292,6.82,
2026-05-19T02:26:00Z,678,2,26,2,1,0,1,0.2864,8,10080.73,False,none,LOW,4283,293,6.84,
2026-05-19T02:27:00Z,679,2,27,1,0,1,0,0.2181,4,10382.91,False,none,LOW,4284,293,6.84,
2026-05-19T02:28:00Z,680,2,28,1,1,1,0,0.0907,3,17503.62,False,none,LOW,4285,294,6.86,
2026-05-19T02:29:00Z,681,2,29,2,0,0,2,0.2339,7,23670.46,False,none,LOW,4287,294,6.86,
2026-05-19T02:30:00Z,682,2,30,3,1,1,1,0.5699,3,232140.36,True,amount_spike,MEDIUM,4290,295,6.88,"Amount Spike — abnormal USD volume, possible wire fraud"
2026-05-19T02:31:00Z,683,2,31,0,0,1,0,0.3449,8,23407.38,False,none,LOW,4290,295,6.88,
2026-05-19T02:32:00Z,684,2,32,1,0,1,0,0.2606,4,27246.65,False,none,LOW,4291,295,6.87,
2026-05-19T02:33:00Z,685,2,33,2,0,1,1,0.1507,8,7678.05,False,none,LOW,4293,295,6.87,
2026-05-19T02:34:00Z,686,2,34,2,1,0,1,0.0539,4,29880.04,False,none,LOW,4295,296,6.89,
2026-05-19T02:35:00Z,687,2,35,1,1,1,0,0.2487,6,19330.44,False,none,LOW,4296,297,6.91,
2026-05-19T02:36:00Z,688,2,36,3,0,0,3,0.124,6,30386.64,False,none,LOW,4299,297,6.91,
2026-05-19T02:37:00Z,689,2,37,3,0,0,3,0.2313,9,27786.96,False,none,LOW,4302,297,6.9,
2026-05-19T02:38:00Z,690,2,38,1,0,0,1,0.1864,9,20334.01,False,none,LOW,4303,297,6.9,
2026-05-19T02:39:00Z,691,2,39,2,0,0,2,0.2633,7,11326.01,False,none,LOW,4305,297,6.9,
2026-05-19T02:40:00Z,692,2,40,2,1,0,1,0.0913,6,7906.26,False,none,LOW,4307,298,6.92,
2026-05-19T02:41:00Z,693,2,41,3,0,0,3,0.2363,2,20354.16,False,none,LOW,4310,298,6.91,
2026-05-19T02:42:00Z,694,2,42,2,10,1,0,0.9347,35,49833.63,True,burst,CRITICAL,4312,308,7.14,Velocity Burst — possible card testing or account takeover
2026-05-19T02:43:00Z,695,2,43,3,1,1,1,0.2393,9,8821.23,False,none,LOW,4315,309,7.16,
2026-05-19T02:44:00Z,696,2,44,3,0,0,3,0.2922,5,32788.4,False,none,LOW,4318,309,7.16,
2026-05-19T02:45:00Z,697,2,45,2,0,0,2,0.0757,2,20933.77,False,none,LOW,4320,309,7.15,
2026-05-19T02:46:00Z,698,2,46,1,0,1,0,0.3252,8,30295.43,False,none,LOW,4321,309,7.15,
2026-05-19T02:47:00Z,699,2,47,2,0,0,2,0.1325,4,24257.56,False,none,LOW,4323,309,7.15,
2026-05-19T02:48:00Z,700,2,48,2,0,0,2,0.0562,7,23106.22,False,none,LOW,4325,309,7.14,
2026-05-19T02:49:00Z,701,2,49,3,0,0,3,0.2932,4,4497.64,False,none,LOW,4328,309,7.14,
2026-05-19T02:50:00Z,702,2,50,1,0,0,1,0.0935,2,5958.54,False,none,LOW,4329,309,7.14,
2026-05-19T02:51:00Z,703,2,51,0,1,1,0,0.2084,7,27520.46,False,none,LOW,4329,310,7.16,
2026-05-19T02:52:00Z,704,2,52,1,0,0,1,0.1044,8,25995.08,False,none,LOW,4330,310,7.16,
2026-05-19T02:53:00Z,705,2,53,2,1,0,1,0.3444,4,14091.4,False,none,LOW,4332,311,7.18,
2026-05-19T02:54:00Z,706,2,54,3,0,0,3,0.6673,1,239812.59,True,amount_spike,HIGH,4335,311,7.17,"Amount Spike — abnormal USD volume, possible wire fraud"
2026-05-19T02:55:00Z,707,2,55,4,2,0,2,0.2434,2,2803.8,False,none,LOW,4339,313,7.21,
2026-05-19T02:56:00Z,708,2,56,3,0,1,2,0.1786,1,8606.81,False,none,LOW,4342,313,7.21,
2026-05-19T02:57:00Z,709,2,57,3,0,0,3,0.3294,5,15064.21,False,none,LOW,4345,313,7.2,
2026-05-19T02:58:00Z,710,2,58,2,4,2,0,0.1706,6,21490.92,False,none,LOW,4347,317,7.29,
2026-05-19T02:59:00Z,711,2,59,2,0,0,2,0.0516,1,30277.42,False,none,LOW,4349,317,7.29,
2026-05-19T03:00:00Z,712,3,0,1,0,0,1,0.2149,4,17343.23,False,none,LOW,4350,317,7.29,
2026-05-19T03:01:00Z,713,3,1,1,1,0,0,0.0881,4,26920.42,False,none,LOW,4351,318,7.31,
2026-05-19T03:02:00Z,714,3,2,5,0,1,4,0.6028,10,34610.34,True,risk_surge,HIGH,4356,318,7.3,Risk Surge — device or IP clustering detected
2026-05-19T03:03:00Z,715,3,3,2,0,1,1,0.163,7,34780.0,False,none,LOW,4358,318,7.3,
2026-05-19T03:04:00Z,716,3,4,1,0,3,0,0.8252,18,28160.78,True,risk_surge,CRITICAL,4359,318,7.3,Risk Surge — device or IP clustering detected
2026-05-19T03:05:00Z,717,3,5,3,0,0,3,0.1815,8,26735.7,False,none,LOW,4362,318,7.29,
2026-05-19T03:06:00Z,718,3,6,1,0,0,1,0.1858,1,10252.68,False,none,LOW,4363,318,7.29,
2026-05-19T03:07:00Z,719,3,7,2,0,1,1,0.0855,5,23697.15,False,none,LOW,4365,318,7.29,
2026-05-19T03:08:00Z,720,3,8,2,0,1,1,0.1627,4,31797.12,False,none,LOW,4367,318,7.28,
2026-05-19T03:09:00Z,721,3,9,1,0,0,1,0.136,2,3919.51,False,none,LOW,4368,318,7.28,
2026-05-19T03:10:00Z,722,3,10,1,0,1,0,0.067,1,27335.96,False,none,LOW,4369,318,7.28,
2026-05-19T03:11:00Z,723,3,11,1,0,0,1,0.0516,4,15185.29,False,none,LOW,4370,318,7.28,
2026-05-19T03:12:00Z,724,3,12,5,0,0,5,0.2882,2,25426.72,False,none,LOW,4375,318,7.27,
2026-05-19T03:13:00Z,725,3,13,2,1,0,1,0.1054,3,23101.65,False,none,LOW,4377,319,7.29,
2026-05-19T03:14:00Z,726,3,14,1,0,0,1,0.2595,6,7223.86,False,none,LOW,4378,319,7.29,
2026-05-19T03:15:00Z,727,3,15,0,0,0,0,0.0959,4,18519.94,False,none,LOW,4378,319,7.29,
2026-05-19T03:16:00Z,728,3,16,0,0,1,0,0.3275,8,29085.98,False,none,LOW,4378,319,7.29,
2026-05-19T03:17:00Z,729,3,17,2,0,0,2,0.1212,1,6047.21,False,none,LOW,4380,319,7.28,
2026-05-19T03:18:00Z,730,3,18,2,0,1,1,0.2011,1,31622.85,False,none,LOW,4382,319,7.28,
2026-05-19T03:19:00Z,731,3,19,6,0,1,5,0.2863,1,12522.62,False,none,LOW,4388,319,7.27,
2026-05-19T03:20:00Z,732,3,20,1,0,0,1,0.2193,3,5562.66,False,none,LOW,4389,319,7.27,
2026-05-19T03:21:00Z,733,3,21,2,1,0,1,0.2883,4,18781.91,False,none,LOW,4391,320,7.29,
2026-05-19T03:22:00Z,734,3,22,0,1,0,0,0.1318,7,25301.92,False,none,LOW,4391,321,7.31,
2026-05-19T03:23:00Z,735,3,23,3,0,1,2,0.0513,7,34813.34,False,none,LOW,4394,321,7.31,
2026-05-19T03:24:00Z,736,3,24,3,0,0,3,0.1851,6,34224.12,False,none,LOW,4397,321,7.3,
2026-05-19T03:25:00Z,737,3,25,0,3,1,0,0.8248,24,35535.99,True,burst,CRITICAL,4397,324,7.37,Velocity Burst — possible card testing or account takeover
2026-05-19T03:26:00Z,738,3,26,2,1,1,0,0.6996,5,151388.03,True,amount_spike,HIGH,4399,325,7.39,"Amount Spike — abnormal USD volume, possible wire fraud"
2026-05-19T03:27:00Z,739,3,27,1,0,0,1,0.1428,8,7456.45,False,none,LOW,4400,325,7.39,
2026-05-19T03:28:00Z,740,3,28,2,0,0,2,0.1687,3,7975.36,False,none,LOW,4402,325,7.38,
2026-05-19T03:29:00Z,741,3,29,2,0,1,1,0.1296,9,25927.57,False,none,LOW,4404,325,7.38,
2026-05-19T03:30:00Z,742,3,30,1,0,1,0,0.3138,2,21036.43,False,none,LOW,4405,325,7.38,
2026-05-19T03:31:00Z,743,3,31,2,0,0,2,0.2109,6,2492.92,False,none,LOW,4407,325,7.37,
2026-05-19T03:32:00Z,744,3,32,3,1,0,2,0.057,3,15617.29,False,none,LOW,4410,326,7.39,
2026-05-19T03:33:00Z,745,3,33,2,1,1,0,0.2217,7,32501.85,False,none,LOW,4412,327,7.41,
2026-05-19T03:34:00Z,746,3,34,2,0,1,1,0.2737,3,7775.56,False,none,LOW,4414,327,7.41,
2026-05-19T03:35:00Z,747,3,35,3,1,1,1,0.1991,6,24015.12,False,none,LOW,4417,328,7.43,
2026-05-19T03:36:00Z,748,3,36,0,0,0,0,0.3411,9,9674.55,False,none,LOW,4417,328,7.43,
2026-05-19T03:37:00Z,749,3,37,5,0,0,5,0.1393,2,12762.29,False,none,LOW,4422,328,7.42,
2026-05-19T03:38:00Z,750,3,38,1,0,0,1,0.0722,5,4985.13,False,none,LOW,4423,328,7.42,
2026-05-19T03:39:00Z,751,3,39,0,1,0,0,0.7139,3,98977.79,True,amount_spike,HIGH,4423,329,7.44,"Amount Spike — abnormal USD volume, possible wire fraud"
2026-05-19T03:40:00Z,752,3,40,3,0,0,3,0.2976,7,6546.41,False,none,LOW,4426,329,7.43,
2026-05-19T03:41:00Z,753,3,41,2,0,1,1,0.152,3,13594.48,False,none,LOW,4428,329,7.43,
2026-05-19T03:42:00Z,754,3,42,2,0,0,2,0.2118,1,33464.27,False,none,LOW,4430,329,7.43,
2026-05-19T03:43:00Z,755,3,43,3,0,0,3,0.256,1,4933.69,False,none,LOW,4433,329,7.42,
2026-05-19T03:44:00Z,756,3,44,2,0,0,2,0.0766,7,13491.19,False,none,LOW,4435,329,7.42,
2026-05-19T03:45:00Z,757,3,45,1,0,0,1,0.3263,6,5270.25,False,none,LOW,4436,329,7.42,
2026-05-19T03:46:00Z,758,3,46,5,0,0,5,0.1274,1,2306.38,False,none,LOW,4441,329,7.41,
2026-05-19T03:47:00Z,759,3,47,1,0,0,1,0.0678,4,25049.26,False,none,LOW,4442,329,7.41,
2026-05-19T03:48:00Z,760,3,48,6,0,1,5,0.1325,8,10228.12,False,none,LOW,4448,329,7.4,
2026-05-19T03:49:00Z,761,3,49,2,0,0,2,0.5441,8,251749.99,True,amount_spike,MEDIUM,4450,329,7.39,"Amount Spike — abnormal USD volume, possible wire fraud"
2026-05-19T03:50:00Z,762,3,50,0,2,0,0,0.2575,2,31310.97,False,none,LOW,4450,331,7.44,
2026-05-19T03:51:00Z,763,3,51,3,0,0,3,0.1919,3,11618.59,False,none,LOW,4453,331,7.43,
2026-05-19T03:52:00Z,764,3,52,2,0,0,2,0.2733,2,3528.55,False,none,LOW,4455,331,7.43,
2026-05-19T03:53:00Z,765,3,53,5,0,0,5,0.1416,5,26887.03,False,none,LOW,4460,331,7.42,
2026-05-19T03:54:00Z,766,3,54,2,0,1,1,0.2219,4,20120.54,False,none,LOW,4462,331,7.42,
2026-05-19T03:55:00Z,767,3,55,3,0,0,3,0.3497,6,25506.78,False,none,LOW,4465,331,7.41,
2026-05-19T03:56:00Z,768,3,56,4,0,0,4,0.0509,7,8373.75,False,none,LOW,4469,331,7.41,
2026-05-19T03:57:00Z,769,3,57,2,0,1,1,0.7289,3,144777.0,True,amount_spike,HIGH,4471,331,7.4,"Amount Spike — abnormal USD volume, possible wire fraud"
2026-05-19T03:58:00Z,770,3,58,3,0,0,3,0.1578,3,10712.45,False,none,LOW,4474,331,7.4,
2026-05-19T03:59:00Z,771,3,59,3,0,1,2,0.2122,8,8378.18,False,none,LOW,4477,331,7.39,
2026-05-19T04:00:00Z,772,4,0,1,0,1,0,0.0559,5,10068.56,False,none,LOW,4478,331,7.39,
2026-05-19T04:01:00Z,773,4,1,3,0,0,3,0.886,11,27193.08,True,risk_surge,CRITICAL,4481,331,7.39,Risk Surge — device or IP clustering detected
2026-05-19T04:02:00Z,774,4,2,2,1,0,1,0.244,6,3787.68,False,none,LOW,4483,332,7.41,
2026-05-19T04:03:00Z,775,4,3,4,0,1,3,0.2442,4,10810.59,False,none,LOW,4487,332,7.4,
2026-05-19T04:04:00Z,776,4,4,1,1,0,0,0.0554,4,7659.72,False,none,LOW,4488,333,7.42,
2026-05-19T04:05:00Z,777,4,5,1,0,1,0,0.2333,7,2130.1,False,none,LOW,4489,333,7.42,
2026-05-19T04:06:00Z,778,4,6,2,2,0,0,0.1643,1,22420.28,False,none,LOW,4491,335,7.46,
2026-05-19T04:07:00Z,779,4,7,1,0,0,1,0.3186,9,28072.6,False,none,LOW,4492,335,7.46,
2026-05-19T04:08:00Z,780,4,8,1,0,2,0,0.0549,5,10278.54,False,none,LOW,4493,335,7.46,
2026-05-19T04:09:00Z,781,4,9,2,0,2,0,0.07,7,17971.17,False,none,LOW,4495,335,7.45,
2026-05-19T04:10:00Z,782,4,10,1,1,0,0,0.2405,2,4290.41,False,none,LOW,4496,336,7.47,
2026-05-19T04:11:00Z,783,4,11,3,1,1,1,0.2814,2,14075.66,False,none,LOW,4499,337,7.49,
2026-05-19T04:12:00Z,784,4,12,0,1,0,0,0.0552,5,20129.42,False,none,LOW,4499,338,7.51,
2026-05-19T04:13:00Z,785,4,13,1,0,1,0,0.3356,8,31913.46,False,none,LOW,4500,338,7.51,
2026-05-19T04:14:00Z,786,4,14,1,1,0,0,0.2028,2,4157.18,False,none,LOW,4501,339,7.53,
2026-05-19T04:15:00Z,787,4,15,2,0,2,0,0.0981,7,27506.74,False,none,LOW,4503,339,7.53,
2026-05-19T04:16:00Z,788,4,16,2,1,1,0,0.2808,6,15003.72,False,none,LOW,4505,340,7.55,
2026-05-19T04:17:00Z,789,4,17,0,0,1,0,0.2387,9,16210.81,False,none,LOW,4505,340,7.55,
2026-05-19T04:18:00Z,790,4,18,2,0,0,2,0.2954,5,27531.77,False,none,LOW,4507,340,7.54,
2026-05-19T04:19:00Z,791,4,19,1,0,0,1,0.1793,7,24568.69,False,none,LOW,4508,340,7.54,
2026-05-19T04:20:00Z,792,4,20,2,0,0,2,0.2907,1,9516.94,False,none,LOW,4510,340,7.54,
2026-05-19T04:21:00Z,793,4,21,1,1,0,0,0.0856,5,14321.04,False,none,LOW,4511,341,7.56,
2026-05-19T04:22:00Z,794,4,22,4,0,0,4,0.2532,5,27661.91,False,none,LOW,4515,341,7.55,
2026-05-19T04:23:00Z,795,4,23,3,0,1,2,0.0995,9,11835.58,False,none,LOW,4518,341,7.55,
2026-05-19T04:24:00Z,796,4,24,3,0,1,2,0.2858,6,23016.23,False,none,LOW,4521,341,7.54,
2026-05-19T04:25:00Z,797,4,25,2,0,1,1,0.1507,9,10847.3,False,none,LOW,4523,341,7.54,
2026-05-19T04:26:00Z,798,4,26,3,1,1,1,0.0591,2,5385.59,False,none,LOW,4526,342,7.56,
2026-05-19T04:27:00Z,799,4,27,2,0,1,1,0.1785,2,18461.21,False,none,LOW,4528,342,7.55,
2026-05-19T04:28:00Z,800,4,28,7,0,0,7,0.2829,6,17503.4,False,none,LOW,4535,342,7.54,
2026-05-19T04:29:00Z,801,4,29,5,1,1,3,0.2991,2,16354.36,False,none,LOW,4540,343,7.56,
2026-05-19T04:30:00Z,802,4,30,1,1,0,0,0.102,4,3145.54,False,none,LOW,4541,344,7.58,
2026-05-19T04:31:00Z,803,4,31,3,0,0,3,0.2628,3,34491.88,False,none,LOW,4544,344,7.57,
2026-05-19T04:32:00Z,804,4,32,1,0,2,0,0.2956,8,19044.29,False,none,LOW,4545,344,7.57,
2026-05-19T04:33:00Z,805,4,33,3,0,1,2,0.3019,7,18004.96,False,none,LOW,4548,344,7.56,
2026-05-19T04:34:00Z,806,4,34,3,0,0,3,0.1789,6,28273.33,False,none,LOW,4551,344,7.56,
2026-05-19T04:35:00Z,807,4,35,0,0,0,0,0.3157,8,17726.07,False,none,LOW,4551,344,7.56,
2026-05-19T04:36:00Z,808,4,36,3,1,0,2,0.0591,8,32945.12,False,none,LOW,4554,345,7.58,
2026-05-19T04:37:00Z,809,4,37,3,2,0,1,0.2284,2,4024.64,False,none,LOW,4557,347,7.61,
2026-05-19T04:38:00Z,810,4,38,2,0,0,2,0.1405,1,5347.56,False,none,LOW,4559,347,7.61,
2026-05-19T04:39:00Z,811,4,39,0,0,1,0,0.1049,7,16191.27,False,none,LOW,4559,347,7.61,
2026-05-19T04:40:00Z,812,4,40,2,1,0,1,0.2553,6,4591.66,False,none,LOW,4561,348,7.63,
2026-05-19T04:41:00Z,813,4,41,2,0,1,1,0.3217,3,25319.31,False,none,LOW,4563,348,7.63,
2026-05-19T04:42:00Z,814,4,42,0,0,1,0,0.3188,2,22815.62,False,none,LOW,4563,348,7.63,
2026-05-19T04:43:00Z,815,4,43,3,0,0,3,0.06,3,3702.0,False,none,LOW,4566,348,7.62,
2026-05-19T04:44:00Z,816,4,44,3,0,0,3,0.1988,2,27722.58,False,none,LOW,4569,348,7.62,
2026-05-19T04:45:00Z,817,4,45,0,1,0,0,0.305,4,14453.8,False,none,LOW,4569,349,7.64,
2026-05-19T04:46:00Z,818,4,46,0,0,2,0,0.2784,5,5435.83,False,none,LOW,4569,349,7.64,
2026-05-19T04:47:00Z,819,4,47,1,0,1,0,0.2928,1,32662.11,False,none,LOW,4570,349,7.64,
2026-05-19T04:48:00Z,820,4,48,6,0,1,5,0.5606,7,115982.08,True,amount_spike,MEDIUM,4576,349,7.63,"Amount Spike — abnormal USD volume, possible wire fraud"
2026-05-19T04:49:00Z,821,4,49,4,0,0,4,0.2855,3,22376.33,False,none,LOW,4580,349,7.62,
2026-05-19T04:50:00Z,822,4,50,4,2,0,2,0.165,9,13997.29,False,none,LOW,4584,351,7.66,
2026-05-19T04:51:00Z,823,4,51,7,0,0,7,0.204,9,33159.3,False,none,LOW,4591,351,7.65,
2026-05-19T04:52:00Z,824,4,52,2,0,0,2,0.1853,9,19538.58,False,none,LOW,4593,351,7.64,
2026-05-19T04:53:00Z,825,4,53,2,0,0,2,0.3497,2,10577.24,False,none,LOW,4595,351,7.64,
2026-05-19T04:54:00Z,826,4,54,4,1,2,1,0.3138,2,26491.15,False,none,LOW,4599,352,7.65,
2026-05-19T04:55:00Z,827,4,55,0,1,1,0,0.1366,9,34175.62,False,none,LOW,4599,353,7.68,
2026-05-19T04:56:00Z,828,4,56,2,2,0,0,0.2648,5,29271.22,False,none,LOW,4601,355,7.72,
2026-05-19T04:57:00Z,829,4,57,3,1,0,2,0.2159,1,29975.4,False,none,LOW,4604,356,7.73,
2026-05-19T04:58:00Z,830,4,58,3,0,0,3,0.126,7,14042.28,False,none,LOW,4607,356,7.73,
2026-05-19T04:59:00Z,831,4,59,2,1,0,1,0.223,2,9598.6,False,none,LOW,4609,357,7.75,
2026-05-19T05:00:00Z,832,5,0,1,0,0,1,0.3392,4,30771.89,False,none,LOW,4610,357,7.74,
2026-05-19T05:01:00Z,833,5,1,2,1,1,0,0.2626,2,12273.92,False,none,LOW,4612,358,7.76,
2026-05-19T05:02:00Z,834,5,2,5,0,1,4,0.2517,5,16274.79,False,none,LOW,4617,358,7.75,
2026-05-19T05:03:00Z,835,5,3,1,0,1,0,0.1786,2,13938.88,False,none,LOW,4618,358,7.75,
2026-05-19T05:04:00Z,836,5,4,2,0,0,2,0.1829,9,31725.29,False,none,LOW,4620,358,7.75,
2026-05-19T05:05:00Z,837,5,5,2,0,0,2,0.287,7,9936.17,False,none,LOW,4622,358,7.75,
2026-05-19T05:06:00Z,838,5,6,1,2,0,0,0.1481,1,25665.42,False,none,LOW,4623,360,7.79,
2026-05-19T05:07:00Z,839,5,7,0,0,0,0,0.2572,3,6597.73,False,none,LOW,4623,360,7.79,
2026-05-19T05:08:00Z,840,5,8,1,2,0,0,0.1066,2,10250.29,False,none,LOW,4624,362,7.83,
2026-05-19T05:09:00Z,841,5,9,3,0,1,2,0.337,7,21155.53,False,none,LOW,4627,362,7.82,
2026-05-19T05:10:00Z,842,5,10,4,1,3,0,0.7238,10,5870.55,True,risk_surge,HIGH,4631,363,7.84,Risk Surge — device or IP clustering detected
2026-05-19T05:11:00Z,843,5,11,4,0,0,4,0.2505,4,7886.88,False,none,LOW,4635,363,7.83,
2026-05-19T05:12:00Z,844,5,12,0,1,1,0,0.1437,4,7146.22,False,none,LOW,4635,364,7.85,
2026-05-19T05:13:00Z,845,5,13,0,1,1,0,0.1943,1,5185.13,False,none,LOW,4635,365,7.87,
2026-05-19T05:14:00Z,846,5,14,1,0,1,0,0.2977,5,21528.14,False,none,LOW,4636,365,7.87,
2026-05-19T05:15:00Z,847,5,15,3,0,1,2,0.1211,7,18191.77,False,none,LOW,4639,365,7.87,
2026-05-19T05:16:00Z,848,5,16,1,0,0,1,0.0652,7,13672.26,False,none,LOW,4640,365,7.87,
2026-05-19T05:17:00Z,849,5,17,1,0,0,1,0.091,3,20520.17,False,none,LOW,4641,365,7.86,
2026-05-19T05:18:00Z,850,5,18,1,1,0,0,0.1559,8,6177.2,False,none,LOW,4642,366,7.88,
2026-05-19T05:19:00Z,851,5,19,1,0,1,0,0.3384,2,32740.77,False,none,LOW,4643,366,7.88,
2026-05-19T05:20:00Z,852,5,20,1,0,0,1,0.305,9,30912.6,False,none,LOW,4644,366,7.88,
2026-05-19T05:21:00Z,853,5,21,7,0,0,7,0.6258,7,201197.85,True,amount_spike,HIGH,4651,366,7.87,"Amount Spike — abnormal USD volume, possible wire fraud"
2026-05-19T05:22:00Z,854,5,22,1,0,0,1,0.5554,4,190161.71,True,amount_spike,MEDIUM,4652,366,7.87,"Amount Spike — abnormal USD volume, possible wire fraud"
2026-05-19T05:23:00Z,855,5,23,1,2,1,0,0.1745,4,5506.21,False,none,LOW,4653,368,7.91,
2026-05-19T05:24:00Z,856,5,24,0,0,1,0,0.1479,3,24989.9,False,none,LOW,4653,368,7.91,
2026-05-19T05:25:00Z,857,5,25,2,0,0,2,0.094,2,17263.37,False,none,LOW,4655,368,7.91,
2026-05-19T05:26:00Z,858,5,26,1,1,1,0,0.2383,7,7665.96,False,none,LOW,4656,369,7.93,
2026-05-19T05:27:00Z,859,5,27,3,0,0,3,0.3194,9,11925.15,False,none,LOW,4659,369,7.92,
2026-05-19T05:28:00Z,860,5,28,2,0,0,2,0.0921,7,7553.33,False,none,LOW,4661,369,7.92,
2026-05-19T05:29:00Z,861,5,29,1,1,1,0,0.0946,7,34271.6,False,none,LOW,4662,370,7.94,
2026-05-19T05:30:00Z,862,5,30,2,0,0,2,0.2039,1,7121.64,False,none,LOW,4664,370,7.93,
2026-05-19T05:31:00Z,863,5,31,0,1,0,0,0.2946,2,33088.09,False,none,LOW,4664,371,7.95,
2026-05-19T05:32:00Z,864,5,32,1,0,1,0,0.0722,7,6362.91,False,none,LOW,4665,371,7.95,
2026-05-19T05:33:00Z,865,5,33,0,0,0,0,0.1215,8,26922.66,False,none,LOW,4665,371,7.95,
2026-05-19T05:34:00Z,866,5,34,2,0,1,1,0.257,5,29636.3,False,none,LOW,4667,371,7.95,
2026-05-19T05:35:00Z,867,5,35,2,0,1,1,0.7725,16,15991.97,True,risk_surge,HIGH,4669,371,7.95,Risk Surge — device or IP clustering detected
2026-05-19T05:36:00Z,868,5,36,3,1,0,2,0.0617,1,3779.31,False,none,LOW,4672,372,7.96,
2026-05-19T05:37:00Z,869,5,37,0,1,1,0,0.2597,1,11240.87,False,none,LOW,4672,373,7.98,
2026-05-19T05:38:00Z,870,5,38,3,0,0,3,0.2585,8,2526.1,False,none,LOW,4675,373,7.98,
2026-05-19T05:39:00Z,871,5,39,3,1,0,2,0.0511,4,30373.87,False,none,LOW,4678,374,7.99,
2026-05-19T05:40:00Z,872,5,40,1,0,0,1,0.3458,6,9594.42,False,none,LOW,4679,374,7.99,
2026-05-19T05:41:00Z,873,5,41,2,1,4,0,0.6208,15,26000.53,True,risk_surge,HIGH,4681,375,8.01,Risk Surge — device or IP clustering detected
2026-05-19T05:42:00Z,874,5,42,0,1,1,0,0.1784,7,13986.24,False,none,LOW,4681,376,8.03,
2026-05-19T05:43:00Z,875,5,43,3,0,0,3,0.2611,8,16226.71,False,none,LOW,4684,376,8.03,
2026-05-19T05:44:00Z,876,5,44,3,0,0,3,0.1796,7,26199.31,False,none,LOW,4687,376,8.02,
2026-05-19T05:45:00Z,877,5,45,4,0,0,4,0.2493,5,20324.87,False,none,LOW,4691,376,8.02,
2026-05-19T05:46:00Z,878,5,46,2,1,0,1,0.1128,8,9811.0,False,none,LOW,4693,377,8.03,
2026-05-19T05:47:00Z,879,5,47,3,0,1,2,0.1287,4,34788.47,False,none,LOW,4696,377,8.03,
2026-05-19T05:48:00Z,880,5,48,1,0,0,1,0.2068,2,27659.22,False,none,LOW,4697,377,8.03,
2026-05-19T05:49:00Z,881,5,49,1,0,1,0,0.1987,3,24238.54,False,none,LOW,4698,377,8.02,
2026-05-19T05:50:00Z,882,5,50,2,0,0,2,0.1185,7,18071.53,False,none,LOW,4700,377,8.02,
2026-05-19T05:51:00Z,883,5,51,6,0,0,6,0.1549,2,13184.59,False,none,LOW,4706,377,8.01,
2026-05-19T05:52:00Z,884,5,52,3,0,1,2,0.3482,8,15769.3,False,none,LOW,4709,377,8.01,
2026-05-19T05:53:00Z,885,5,53,1,1,1,0,0.2414,7,17669.18,False,none,LOW,4710,378,8.03,
2026-05-19T05:54:00Z,886,5,54,1,0,0,1,0.1713,9,30638.4,False,none,LOW,4711,378,8.02,
2026-05-19T05:55:00Z,887,5,55,4,1,0,3,0.142,5,29917.72,False,none,LOW,4715,379,8.04,
2026-05-19T05:56:00Z,888,5,56,4,0,0,4,0.2061,6,17266.22,False,none,LOW,4719,379,8.03,
2026-05-19T05:57:00Z,889,5,57,2,1,1,0,0.345,1,5123.25,False,none,LOW,4721,380,8.05,
2026-05-19T05:58:00Z,890,5,58,2,0,1,1,0.3074,8,33824.14,False,none,LOW,4723,380,8.05,
2026-05-19T05:59:00Z,891,5,59,0,1,1,0,0.1773,4,34772.69,False,none,LOW,4723,381,8.07,
2026-05-19T06:00:00Z,892,6,0,4,0,1,3,0.2506,7,33662.43,False,none,LOW,4727,381,8.06,
2026-05-19T06:01:00Z,893,6,1,5,0,1,4,0.1168,7,14443.38,False,none,LOW,4732,381,8.05,
2026-05-19T06:02:00Z,894,6,2,4,3,1,0,0.6028,22,46119.4,True,burst,HIGH,4736,384,8.11,Velocity Burst — possible card testing or account takeover
2026-05-19T06:03:00Z,895,6,3,6,0,0,6,0.2791,6,15510.22,False,none,LOW,4742,384,8.1,
2026-05-19T06:04:00Z,896,6,4,9,0,1,8,0.0641,9,27977.76,False,none,LOW,4751,384,8.08,
2026-05-19T06:05:00Z,897,6,5,6,0,0,6,0.1824,5,10809.0,False,none,LOW,4757,384,8.07,
2026-05-19T06:06:00Z,898,6,6,4,0,0,4,0.1947,8,18933.67,False,none,LOW,4761,384,8.07,
2026-05-19T06:07:00Z,899,6,7,2,0,0,2,0.1169,7,20009.48,False,none,LOW,4763,384,8.06,
2026-05-19T06:08:00Z,900,6,8,10,0,0,10,0.2032,5,28148.57,False,none,LOW,4773,384,8.05,
2026-05-19T06:09:00Z,901,6,9,1,0,1,0,0.1694,4,34263.26,False,none,LOW,4774,384,8.04,
2026-05-19T06:10:00Z,902,6,10,2,1,0,1,0.1528,7,14646.26,False,none,LOW,4776,385,8.06,
2026-05-19T06:11:00Z,903,6,11,4,1,1,2,0.3054,3,32360.77,False,none,LOW,4780,386,8.08,
2026-05-19T06:12:00Z,904,6,12,11,0,2,9,0.092,5,31272.96,False,none,LOW,4791,386,8.06,
2026-05-19T06:13:00Z,905,6,13,8,0,0,8,0.1815,6,30212.67,False,none,LOW,4799,386,8.04,
2026-05-19T06:14:00Z,906,6,14,6,0,1,5,0.126,4,25780.01,False,none,LOW,4805,386,8.03,
2026-05-19T06:15:00Z,907,6,15,6,0,0,6,0.3158,1,19065.24,False,none,LOW,4811,386,8.02,
2026-05-19T06:16:00Z,908,6,16,3,1,1,1,0.3071,7,6758.43,False,none,LOW,4814,387,8.04,
2026-05-19T06:17:00Z,909,6,17,5,0,0,5,0.1208,4,31962.07,False,none,LOW,4819,387,8.03,
2026-05-19T06:18:00Z,910,6,18,5,1,0,4,0.133,4,12651.75,False,none,LOW,4824,388,8.04,
2026-05-19T06:19:00Z,911,6,19,4,0,1,3,0.1455,5,30637.43,False,none,LOW,4828,388,8.04,
2026-05-19T06:20:00Z,912,6,20,5,0,0,5,0.1648,6,25210.17,False,none,LOW,4833,388,8.03,
2026-05-19T06:21:00Z,913,6,21,2,0,1,1,0.2027,5,5844.48,False,none,LOW,4835,388,8.02,
2026-05-19T06:22:00Z,914,6,22,7,0,0,7,0.217,9,16186.2,False,none,LOW,4842,388,8.01,
2026-05-19T06:23:00Z,915,6,23,8,0,0,8,0.1214,9,11661.4,False,none,LOW,4850,388,8.0,
2026-05-19T06:24:00Z,916,6,24,4,0,0,4,0.2302,2,23292.33,False,none,LOW,4854,388,7.99,
2026-05-19T06:25:00Z,917,6,25,3,0,1,2,0.1646,6,25736.47,False,none,LOW,4857,388,7.99,
2026-05-19T06:26:00Z,918,6,26,4,0,1,3,0.3114,1,7822.49,False,none,LOW,4861,388,7.98,
2026-05-19T06:27:00Z,919,6,27,9,0,0,9,0.2817,5,8501.94,False,none,LOW,4870,388,7.97,
2026-05-19T06:28:00Z,920,6,28,5,0,1,4,0.2386,9,25735.5,False,none,LOW,4875,388,7.96,
2026-05-19T06:29:00Z,921,6,29,1,0,0,1,0.3026,2,11523.46,False,none,LOW,4876,388,7.96,
2026-05-19T06:30:00Z,922,6,30,7,0,0,7,0.0537,5,6865.47,False,none,LOW,4883,388,7.95,
2026-05-19T06:31:00Z,923,6,31,3,0,0,3,0.2111,2,27017.15,False,none,LOW,4886,388,7.94,
2026-05-19T06:32:00Z,924,6,32,8,0,1,7,0.0711,7,13326.48,False,none,LOW,4894,388,7.93,
2026-05-19T06:33:00Z,925,6,33,7,4,2,1,0.6861,29,78488.2,True,burst,HIGH,4901,392,8.0,Velocity Burst — possible card testing or account takeover
2026-05-19T06:34:00Z,926,6,34,9,1,0,8,0.3214,7,2139.02,False,none,LOW,4910,393,8.0,
2026-05-19T06:35:00Z,927,6,35,5,0,0,5,0.093,7,30688.05,False,none,LOW,4915,393,8.0,
2026-05-19T06:36:00Z,928,6,36,3,0,1,2,0.3352,7,11112.62,False,none,LOW,4918,393,7.99,
2026-05-19T06:37:00Z,929,6,37,8,1,0,7,0.0935,9,7096.32,False,none,LOW,4926,394,8.0,
2026-05-19T06:38:00Z,930,6,38,8,0,1,7,0.3031,7,17436.24,False,none,LOW,4934,394,7.99,
2026-05-19T06:39:00Z,931,6,39,4,0,0,4,0.2183,5,10876.46,False,none,LOW,4938,394,7.98,
2026-05-19T06:40:00Z,932,6,40,4,0,0,4,0.3338,5,31040.05,False,none,LOW,4942,394,7.97,
2026-05-19T06:41:00Z,933,6,41,5,0,0,5,0.1785,1,32969.99,False,none,LOW,4947,394,7.96,
2026-05-19T06:42:00Z,934,6,42,4,2,0,2,0.1204,3,8308.08,False,none,LOW,4951,396,8.0,
2026-05-19T06:43:00Z,935,6,43,1,1,0,0,0.285,9,15931.43,False,none,LOW,4952,397,8.02,
2026-05-19T06:44:00Z,936,6,44,5,0,1,4,0.0716,2,9374.56,False,none,LOW,4957,397,8.01,
2026-05-19T06:45:00Z,937,6,45,6,0,1,5,0.255,4,27777.12,False,none,LOW,4963,397,8.0,
2026-05-19T06:46:00Z,938,6,46,5,0,0,5,0.0533,9,2960.99,False,none,LOW,4968,397,7.99,
2026-05-19T06:47:00Z,939,6,47,6,0,0,6,0.2134,3,15657.07,False,none,LOW,4974,397,7.98,
2026-05-19T06:48:00Z,940,6,48,5,0,0,5,0.3009,5,25321.4,False,none,LOW,4979,397,7.97,
2026-05-19T06:49:00Z,941,6,49,5,0,2,3,0.0849,7,10158.74,False,none,LOW,4984,397,7.97,
2026-05-19T06:50:00Z,942,6,50,4,0,1,3,0.308,9,4777.34,False,none,LOW,4988,397,7.96,
2026-05-19T06:51:00Z,943,6,51,6,6,1,0,0.6849,33,74294.76,True,burst,CRITICAL,4994,403,8.07,Velocity Burst — possible card testing or account takeover
2026-05-19T06:52:00Z,944,6,52,5,5,0,0,0.7403,37,76931.87,True,burst,CRITICAL,4999,408,8.16,Velocity Burst — possible card testing or account takeover
2026-05-19T06:53:00Z,945,6,53,4,0,0,4,0.1914,5,12193.33,False,none,LOW,5003,408,8.16,
2026-05-19T06:54:00Z,946,6,54,7,1,0,6,0.1672,4,14434.46,False,none,LOW,5010,409,8.16,
2026-05-19T06:55:00Z,947,6,55,5,0,2,3,0.1086,5,15881.02,False,none,LOW,5015,409,8.16,
2026-05-19T06:56:00Z,948,6,56,8,0,0,8,0.1036,1,26783.52,False,none,LOW,5023,409,8.14,
2026-05-19T06:57:00Z,949,6,57,3,1,0,2,0.2397,6,26660.46,False,none,LOW,5026,410,8.16,
2026-05-19T06:58:00Z,950,6,58,8,0,1,7,0.1086,9,25189.88,False,none,LOW,5034,410,8.14,
2026-05-19T06:59:00Z,951,6,59,6,1,0,5,0.1321,2,11297.29,False,none,LOW,5040,411,8.15,
2026-05-19T07:00:00Z,952,7,0,6,4,0,2,0.9132,33,46238.23,True,burst,CRITICAL,5046,415,8.22,Velocity Burst — possible card testing or account takeover
2026-05-19T07:01:00Z,953,7,1,4,0,2,2,0.3359,2,12734.04,False,none,LOW,5050,415,8.22,
2026-05-19T07:02:00Z,954,7,2,4,0,1,3,0.2321,9,7998.79,False,none,LOW,5054,415,8.21,
2026-05-19T07:03:00Z,955,7,3,5,0,1,4,0.0938,3,23145.3,False,none,LOW,5059,415,8.2,
2026-05-19T07:04:00Z,956,7,4,9,0,0,9,0.2986,1,7139.15,False,none,LOW,5068,415,8.19,
2026-05-19T07:05:00Z,957,7,5,5,0,0,5,0.1198,3,11737.58,False,none,LOW,5073,415,8.18,
2026-05-19T07:06:00Z,958,7,6,1,1,0,0,0.2447,3,5279.45,False,none,LOW,5074,416,8.2,
2026-05-19T07:07:00Z,959,7,7,9,0,1,8,0.1719,9,13215.42,False,none,LOW,5083,416,8.18,
2026-05-19T07:08:00Z,960,7,8,6,1,0,5,0.2658,8,6231.92,False,none,LOW,5089,417,8.19,
2026-05-19T07:09:00Z,961,7,9,3,0,0,3,0.0657,5,12906.76,False,none,LOW,5092,417,8.19,
2026-05-19T07:10:00Z,962,7,10,2,0,0,2,0.1508,5,27728.97,False,none,LOW,5094,417,8.19,
2026-05-19T07:11:00Z,963,7,11,5,0,0,5,0.241,7,32768.9,False,none,LOW,5099,417,8.18,
2026-05-19T07:12:00Z,964,7,12,3,1,1,1,0.0607,8,8823.3,False,none,LOW,5102,418,8.19,
2026-05-19T07:13:00Z,965,7,13,6,1,0,5,0.2729,3,6445.35,False,none,LOW,5108,419,8.2,
2026-05-19T07:14:00Z,966,7,14,3,0,0,3,0.349,9,15579.36,False,none,LOW,5111,419,8.2,
2026-05-19T07:15:00Z,967,7,15,6,0,0,6,0.3297,6,22810.75,False,none,LOW,5117,419,8.19,
2026-05-19T07:16:00Z,968,7,16,1,1,0,0,0.2341,6,10753.27,False,none,LOW,5118,420,8.21,
2026-05-19T07:17:00Z,969,7,17,4,4,0,0,0.8406,37,45933.21,True,burst,CRITICAL,5122,424,8.28,Velocity Burst — possible card testing or account takeover
2026-05-19T07:18:00Z,970,7,18,9,0,0,9,0.2871,4,9996.48,False,none,LOW,5131,424,8.26,
2026-05-19T07:19:00Z,971,7,19,8,1,1,6,0.3015,4,11358.39,False,none,LOW,5139,425,8.27,
2026-05-19T07:20:00Z,972,7,20,6,0,0,6,0.2219,4,26497.86,False,none,LOW,5145,425,8.26,
2026-05-19T07:21:00Z,973,7,21,6,0,0,6,0.1301,5,19024.85,False,none,LOW,5151,425,8.25,
2026-05-19T07:22:00Z,974,7,22,4,0,0,4,0.3403,7,6939.04,False,none,LOW,5155,425,8.24,
2026-05-19T07:23:00Z,975,7,23,7,1,0,6,0.0709,8,24105.61,False,none,LOW,5162,426,8.25,
2026-05-19T07:24:00Z,976,7,24,4,0,1,3,0.2383,7,17646.55,False,none,LOW,5166,426,8.25,
2026-05-19T07:25:00Z,977,7,25,6,0,1,5,0.1776,2,21054.83,False,none,LOW,5172,426,8.24,
2026-05-19T07:26:00Z,978,7,26,7,0,0,7,0.1112,2,16624.71,False,none,LOW,5179,426,8.23,
2026-05-19T07:27:00Z,979,7,27,3,0,0,3,0.1553,9,5932.65,False,none,LOW,5182,426,8.22,
2026-05-19T07:28:00Z,980,7,28,1,0,2,0,0.0824,8,33728.45,False,none,LOW,5183,426,8.22,
2026-05-19T07:29:00Z,981,7,29,5,0,0,5,0.0577,7,20686.29,False,none,LOW,5188,426,8.21,
2026-05-19T07:30:00Z,982,7,30,7,0,1,6,0.2158,9,2542.91,False,none,LOW,5195,426,8.2,
2026-05-19T07:31:00Z,983,7,31,9,1,0,8,0.2571,3,18249.3,False,none,LOW,5204,427,8.21,
2026-05-19T07:32:00Z,984,7,32,4,0,0,4,0.2654,2,26591.13,False,none,LOW,5208,427,8.2,
2026-05-19T07:33:00Z,985,7,33,5,1,1,3,0.2386,4,8087.97,False,none,LOW,5213,428,8.21,
2026-05-19T07:34:00Z,986,7,34,8,0,0,8,0.3292,1,8876.44,False,none,LOW,5221,428,8.2,
2026-05-19T07:35:00Z,987,7,35,3,0,1,2,0.2031,1,10194.43,False,none,LOW,5224,428,8.19,
2026-05-19T07:36:00Z,988,7,36,9,3,0,6,0.7634,34,79620.68,True,burst,CRITICAL,5233,431,8.24,Velocity Burst — possible card testing or account takeover
2026-05-19T07:37:00Z,989,7,37,4,1,1,2,0.105,3,21668.91,False,none,LOW,5237,432,8.25,
2026-05-19T07:38:00Z,990,7,38,2,1,0,1,0.1625,8,30730.98,False,none,LOW,5239,433,8.26,
2026-05-19T07:39:00Z,991,7,39,2,0,2,0,0.9122,16,19703.3,True,risk_surge,CRITICAL,5241,433,8.26,Risk Surge — device or IP clustering detected
2026-05-19T07:40:00Z,992,7,40,7,0,1,6,0.1142,8,13702.67,False,none,LOW,5248,433,8.25,
2026-05-19T07:41:00Z,993,7,41,7,0,0,7,0.0844,6,6330.84,False,none,LOW,5255,433,8.24,
2026-05-19T07:42:00Z,994,7,42,6,0,0,6,0.1242,9,2529.85,False,none,LOW,5261,433,8.23,
2026-05-19T07:43:00Z,995,7,43,4,0,0,4,0.2399,7,16303.19,False,none,LOW,5265,433,8.22,
2026-05-19T07:44:00Z,996,7,44,8,0,0,8,0.3492,3,34112.37,False,none,LOW,5273,433,8.21,
2026-05-19T07:45:00Z,997,7,45,9,0,1,8,0.3181,3,33888.53,False,none,LOW,5282,433,8.2,
2026-05-19T07:46:00Z,998,7,46,5,0,1,4,0.1389,7,12970.72,False,none,LOW,5287,433,8.19,
2026-05-19T07:47:00Z,999,7,47,2,4,0,0,0.6911,27,52554.08,True,burst,HIGH,5289,437,8.26,Velocity Burst — possible card testing or account takeover
2026-05-19T07:48:00Z,1000,7,48,4,0,0,4,0.0685,8,7184.71,False,none,LOW,5293,437,8.26,
2026-05-19T07:49:00Z,1001,7,49,12,0,0,12,0.341,1,14504.73,False,none,LOW,5305,437,8.24,
2026-05-19T07:50:00Z,1002,7,50,5,2,1,2,0.3093,2,16877.55,False,none,LOW,5310,439,8.27,
2026-05-19T07:51:00Z,1003,7,51,1,1,3,0,0.0818,3,4145.96,False,none,LOW,5311,440,8.28,
2026-05-19T07:52:00Z,1004,7,52,4,0,0,4,0.1966,6,22021.93,False,none,LOW,5315,440,8.28,
2026-05-19T07:53:00Z,1005,7,53,3,0,1,2,0.1231,2,19709.1,False,none,LOW,5318,440,8.27,
2026-05-19T07:54:00Z,1006,7,54,8,0,1,7,0.1996,6,11946.0,False,none,LOW,5326,440,8.26,
2026-05-19T07:55:00Z,1007,7,55,3,0,1,2,0.3155,3,4048.53,False,none,LOW,5329,440,8.26,
2026-05-19T07:56:00Z,1008,7,56,5,0,0,5,0.1999,4,10767.03,False,none,LOW,5334,440,8.25,
2026-05-19T07:57:00Z,1009,7,57,4,0,0,4,0.1838,6,21562.23,False,none,LOW,5338,440,8.24,
2026-05-19T07:58:00Z,1010,7,58,6,0,0,6,0.2068,1,8209.98,False,none,LOW,5344,440,8.23,
2026-05-19T07:59:00Z,1011,7,59,7,0,0,7,0.0882,9,23899.41,False,none,LOW,5351,440,8.22,
2026-05-19T08:00:00Z,1012,8,0,5,1,0,4,0.1748,9,22126.22,False,none,LOW,5356,441,8.23,
2026-05-19T08:01:00Z,1013,8,1,4,0,1,3,0.1109,6,32015.56,False,none,LOW,5360,441,8.23,
2026-05-19T08:02:00Z,1014,8,2,6,0,2,4,0.1477,3,7109.33,False,none,LOW,5366,441,8.22,
2026-05-19T08:03:00Z,1015,8,3,4,0,0,4,0.0705,3,28202.56,False,none,LOW,5370,441,8.21,
2026-05-19T08:04:00Z,1016,8,4,5,1,0,4,0.2987,8,34508.82,False,none,LOW,5375,442,8.22,
2026-05-19T08:05:00Z,1017,8,5,6,0,0,6,0.0626,4,23697.34,False,none,LOW,5381,442,8.21,
2026-05-19T08:06:00Z,1018,8,6,6,0,0,6,0.1099,8,2376.53,False,none,LOW,5387,442,8.2,
2026-05-19T08:07:00Z,1019,8,7,8,0,1,7,0.6857,6,298306.41,True,amount_spike,HIGH,5395,442,8.19,"Amount Spike — abnormal USD volume, possible wire fraud"
2026-05-19T08:08:00Z,1020,8,8,3,2,1,0,0.052,2,30212.02,False,none,LOW,5398,444,8.23,
2026-05-19T08:09:00Z,1021,8,9,3,0,1,2,0.1874,3,28304.51,False,none,LOW,5401,444,8.22,
2026-05-19T08:10:00Z,1022,8,10,3,0,0,3,0.233,1,32753.67,False,none,LOW,5404,444,8.22,
2026-05-19T08:11:00Z,1023,8,11,9,0,0,9,0.2112,5,4125.06,False,none,LOW,5413,444,8.2,
2026-05-19T08:12:00Z,1024,8,12,2,0,0,2,0.1679,2,2131.46,False,none,LOW,5415,444,8.2,
2026-05-19T08:13:00Z,1025,8,13,3,0,0,3,0.3112,3,12084.18,False,none,LOW,5418,444,8.19,
2026-05-19T08:14:00Z,1026,8,14,2,1,0,1,0.2301,4,14732.58,False,none,LOW,5420,445,8.21,
2026-05-19T08:15:00Z,1027,8,15,5,1,1,3,0.2512,9,2607.98,False,none,LOW,5425,446,8.22,
2026-05-19T08:16:00Z,1028,8,16,10,0,0,10,0.3126,2,16594.51,False,none,LOW,5435,446,8.21,
2026-05-19T08:17:00Z,1029,8,17,5,0,0,5,0.1761,8,17053.49,False,none,LOW,5440,446,8.2,
2026-05-19T08:18:00Z,1030,8,18,6,0,0,6,0.2069,7,14180.85,False,none,LOW,5446,446,8.19,
2026-05-19T08:19:00Z,1031,8,19,7,0,0,7,0.2385,8,16518.03,False,none,LOW,5453,446,8.18,
2026-05-19T08:20:00Z,1032,8,20,5,0,1,4,0.2169,7,2729.44,False,none,LOW,5458,446,8.17,
2026-05-19T08:21:00Z,1033,8,21,3,0,0,3,0.34,6,18558.58,False,none,LOW,5461,446,8.17,
2026-05-19T08:22:00Z,1034,8,22,7,0,0,7,0.1194,9,16099.91,False,none,LOW,5468,446,8.16,
2026-05-19T08:23:00Z,1035,8,23,7,1,1,5,0.313,1,10082.73,False,none,LOW,5475,447,8.16,
2026-05-19T08:24:00Z,1036,8,24,4,0,1,3,0.2994,2,16528.0,False,none,LOW,5479,447,8.16,
2026-05-19T08:25:00Z,1037,8,25,4,2,0,2,0.1016,5,10962.14,False,none,LOW,5483,449,8.19,
2026-05-19T08:26:00Z,1038,8,26,5,1,0,4,0.3257,6,31261.21,False,none,LOW,5488,450,8.2,
2026-05-19T08:27:00Z,1039,8,27,5,0,0,5,0.0662,9,32905.91,False,none,LOW,5493,450,8.19,
2026-05-19T08:28:00Z,1040,8,28,5,0,0,5,0.2187,5,33450.43,False,none,LOW,5498,450,8.18,
2026-05-19T08:29:00Z,1041,8,29,8,0,0,8,0.2788,3,15694.74,False,none,LOW,5506,450,8.17,
2026-05-19T08:30:00Z,1042,8,30,7,0,1,6,0.3216,2,31721.57,False,none,LOW,5513,450,8.16,
2026-05-19T08:31:00Z,1043,8,31,6,0,2,4,0.259,8,9481.68,False,none,LOW,5519,450,8.15,
2026-05-19T08:32:00Z,1044,8,32,3,0,3,0,0.1302,2,25152.65,False,none,LOW,5522,450,8.15,
2026-05-19T08:33:00Z,1045,8,33,5,0,2,3,0.7591,19,10188.79,True,risk_surge,HIGH,5527,450,8.14,Risk Surge — device or IP clustering detected
2026-05-19T08:34:00Z,1046,8,34,5,1,1,3,0.2862,7,28277.19,False,none,LOW,5532,451,8.15,
2026-05-19T08:35:00Z,1047,8,35,6,0,0,6,0.2689,9,26127.31,False,none,LOW,5538,451,8.14,
2026-05-19T08:36:00Z,1048,8,36,8,1,2,5,0.3479,7,16195.76,False,none,LOW,5546,452,8.15,
2026-05-19T08:37:00Z,1049,8,37,5,0,0,5,0.0959,9,8792.18,False,none,LOW,5551,452,8.14,
2026-05-19T08:38:00Z,1050,8,38,10,0,0,10,0.1786,4,18495.88,False,none,LOW,5561,452,8.13,
2026-05-19T08:39:00Z,1051,8,39,4,5,0,0,0.8777,32,43028.12,True,burst,CRITICAL,5565,457,8.21,Velocity Burst — possible card testing or account takeover
2026-05-19T08:40:00Z,1052,8,40,7,0,1,6,0.1988,5,15306.35,False,none,LOW,5572,457,8.2,
2026-05-19T08:41:00Z,1053,8,41,2,0,0,2,0.214,2,23149.48,False,none,LOW,5574,457,8.2,
2026-05-19T08:42:00Z,1054,8,42,10,1,0,9,0.2431,1,20768.94,False,none,LOW,5584,458,8.2,
2026-05-19T08:43:00Z,1055,8,43,8,1,1,6,0.2373,8,29974.29,False,none,LOW,5592,459,8.21,
2026-05-19T08:44:00Z,1056,8,44,5,0,0,5,0.1182,3,20102.75,False,none,LOW,5597,459,8.2,
2026-05-19T08:45:00Z,1057,8,45,6,0,2,4,0.2876,5,25777.44,False,none,LOW,5603,459,8.19,
2026-05-19T08:46:00Z,1058,8,46,10,1,0,9,0.2882,6,4858.41,False,none,LOW,5613,460,8.2,
2026-05-19T08:47:00Z,1059,8,47,6,1,1,4,0.1477,5,27572.73,False,none,LOW,5619,461,8.2,
2026-05-19T08:48:00Z,1060,8,48,5,0,0,5,0.067,2,29048.19,False,none,LOW,5624,461,8.2,
2026-05-19T08:49:00Z,1061,8,49,5,0,0,5,0.3224,1,33351.29,False,none,LOW,5629,461,8.19,
2026-05-19T08:50:00Z,1062,8,50,0,0,1,0,0.0731,4,22482.31,False,none,LOW,5629,461,8.19,
2026-05-19T08:51:00Z,1063,8,51,11,0,1,10,0.2097,7,7171.73,False,none,LOW,5640,461,8.17,
2026-05-19T08:52:00Z,1064,8,52,4,0,1,3,0.1595,8,20510.68,False,none,LOW,5644,461,8.17,
2026-05-19T08:53:00Z,1065,8,53,8,1,1,6,0.2348,1,25759.48,False,none,LOW,5652,462,8.17,
2026-05-19T08:54:00Z,1066,8,54,8,0,1,7,0.0602,8,6067.7,False,none,LOW,5660,462,8.16,
2026-05-19T08:55:00Z,1067,8,55,6,0,3,3,0.2753,1,20912.31,False,none,LOW,5666,462,8.15,
2026-05-19T08:56:00Z,1068,8,56,5,1,0,4,0.2829,1,32280.93,False,none,LOW,5671,463,8.16,
2026-05-19T08:57:00Z,1069,8,57,6,1,0,5,0.1769,8,25349.78,False,none,LOW,5677,464,8.17,
2026-05-19T08:58:00Z,1070,8,58,1,0,0,1,0.2542,7,16693.85,False,none,LOW,5678,464,8.17,
2026-05-19T08:59:00Z,1071,8,59,5,1,2,2,0.2397,4,14496.96,False,none,LOW,5683,465,8.18,
2026-05-19T09:00:00Z,1072,9,0,14,4,0,10,0.9229,35,50271.0,True,burst,CRITICAL,5697,469,8.23,Velocity Burst — possible card testing or account takeover
2026-05-19T09:01:00Z,1073,9,1,19,0,1,18,0.2569,6,28571.29,False,none,LOW,5716,469,8.21,
2026-05-19T09:02:00Z,1074,9,2,17,0,1,16,0.2435,2,7601.6,False,none,LOW,5733,469,8.18,
2026-05-19T09:03:00Z,1075,9,3,13,0,2,11,0.2215,2,26709.64,False,none,LOW,5746,469,8.16,
2026-05-19T09:04:00Z,1076,9,4,9,0,1,8,0.1257,1,23913.17,False,none,LOW,5755,469,8.15,
2026-05-19T09:05:00Z,1077,9,5,7,0,0,7,0.0597,7,15293.7,False,none,LOW,5762,469,8.14,
2026-05-19T09:06:00Z,1078,9,6,15,1,1,13,0.2003,4,7560.17,False,none,LOW,5777,470,8.14,
2026-05-19T09:07:00Z,1079,9,7,16,2,2,12,0.1919,7,32035.49,False,none,LOW,5793,472,8.15,
2026-05-19T09:08:00Z,1080,9,8,12,0,1,11,0.3368,1,23312.49,False,none,LOW,5805,472,8.13,
2026-05-19T09:09:00Z,1081,9,9,13,0,1,12,0.1404,9,8383.54,False,none,LOW,5818,472,8.11,
2026-05-19T09:10:00Z,1082,9,10,17,0,0,17,0.3239,2,13867.15,False,none,LOW,5835,472,8.09,
2026-05-19T09:11:00Z,1083,9,11,17,0,0,17,0.1382,6,3765.87,False,none,LOW,5852,472,8.07,
2026-05-19T09:12:00Z,1084,9,12,11,1,0,10,0.205,7,34938.92,False,none,LOW,5863,473,8.07,
2026-05-19T09:13:00Z,1085,9,13,15,0,2,13,0.1223,9,9574.1,False,none,LOW,5878,473,8.05,
2026-05-19T09:14:00Z,1086,9,14,12,0,1,11,0.1912,4,28021.82,False,none,LOW,5890,473,8.03,
2026-05-19T09:15:00Z,1087,9,15,10,2,1,7,0.2463,6,8546.14,False,none,LOW,5900,475,8.05,
2026-05-19T09:16:00Z,1088,9,16,9,0,3,6,0.2094,4,34211.38,False,none,LOW,5909,475,8.04,
2026-05-19T09:17:00Z,1089,9,17,10,0,0,10,0.0932,7,22158.13,False,none,LOW,5919,475,8.03,
2026-05-19T09:18:00Z,1090,9,18,12,1,0,11,0.2436,9,20401.62,False,none,LOW,5931,476,8.03,
2026-05-19T09:19:00Z,1091,9,19,10,0,0,10,0.3268,7,11431.76,False,none,LOW,5941,476,8.01,
2026-05-19T09:20:00Z,1092,9,20,14,0,0,14,0.348,9,13541.17,False,none,LOW,5955,476,7.99,
2026-05-19T09:21:00Z,1093,9,21,9,0,0,9,0.0666,3,29283.95,False,none,LOW,5964,476,7.98,
2026-05-19T09:22:00Z,1094,9,22,7,0,1,6,0.223,5,6211.69,False,none,LOW,5971,476,7.97,
2026-05-19T09:23:00Z,1095,9,23,13,0,1,12,0.2251,7,27266.71,False,none,LOW,5984,476,7.95,
2026-05-19T09:24:00Z,1096,9,24,9,0,0,9,0.3414,2,21422.58,False,none,LOW,5993,476,7.94,
2026-05-19T09:25:00Z,1097,9,25,10,1,1,8,0.2093,6,26470.8,False,none,LOW,6003,477,7.95,
2026-05-19T09:26:00Z,1098,9,26,17,1,0,16,0.3348,1,26587.67,False,none,LOW,6020,478,7.94,
2026-05-19T09:27:00Z,1099,9,27,9,1,0,8,0.2861,5,22353.83,False,none,LOW,6029,479,7.94,
2026-05-19T09:28:00Z,1100,9,28,12,0,0,12,0.3372,8,8309.12,False,none,LOW,6041,479,7.93,
2026-05-19T09:29:00Z,1101,9,29,9,0,1,8,0.1768,9,14461.74,False,none,LOW,6050,479,7.92,
2026-05-19T09:30:00Z,1102,9,30,12,0,0,12,0.1075,7,11150.72,False,none,LOW,6062,479,7.9,
2026-05-19T09:31:00Z,1103,9,31,14,1,1,12,0.217,3,22534.74,False,none,LOW,6076,480,7.9,
2026-05-19T09:32:00Z,1104,9,32,13,1,0,12,0.2792,2,31306.68,False,none,LOW,6089,481,7.9,
2026-05-19T09:33:00Z,1105,9,33,16,1,0,15,0.2531,8,11342.33,False,none,LOW,6105,482,7.9,
2026-05-19T09:34:00Z,1106,9,34,14,3,0,11,0.758,31,287076.38,True,burst,CRITICAL,6119,485,7.93,Velocity Burst — possible card testing or account takeover
2026-05-19T09:35:00Z,1107,9,35,12,1,2,9,0.1823,7,31492.68,False,none,LOW,6131,486,7.93,
2026-05-19T09:36:00Z,1108,9,36,11,0,0,11,0.1484,9,3626.43,False,none,LOW,6142,486,7.91,
2026-05-19T09:37:00Z,1109,9,37,5,0,0,5,0.1821,5,10145.55,False,none,LOW,6147,486,7.91,
2026-05-19T09:38:00Z,1110,9,38,7,1,1,5,0.1227,6,9848.09,False,none,LOW,6154,487,7.91,
2026-05-19T09:39:00Z,1111,9,39,14,0,0,14,0.2127,5,11844.0,False,none,LOW,6168,487,7.9,
2026-05-19T09:40:00Z,1112,9,40,17,0,0,17,0.2798,3,27233.07,False,none,LOW,6185,487,7.87,
2026-05-19T09:41:00Z,1113,9,41,6,1,0,5,0.3489,1,13800.14,False,none,LOW,6191,488,7.88,
2026-05-19T09:42:00Z,1114,9,42,11,0,1,10,0.0772,9,13485.52,False,none,LOW,6202,488,7.87,
2026-05-19T09:43:00Z,1115,9,43,13,0,0,13,0.2341,4,15294.73,False,none,LOW,6215,488,7.85,
2026-05-19T09:44:00Z,1116,9,44,15,1,0,14,0.0815,1,17508.1,False,none,LOW,6230,489,7.85,
2026-05-19T09:45:00Z,1117,9,45,16,1,1,14,0.2067,7,3924.84,False,none,LOW,6246,490,7.85,
2026-05-19T09:46:00Z,1118,9,46,15,0,1,14,0.054,5,28811.99,False,none,LOW,6261,490,7.83,
2026-05-19T09:47:00Z,1119,9,47,11,0,0,11,0.101,5,12588.48,False,none,LOW,6272,490,7.81,
2026-05-19T09:48:00Z,1120,9,48,17,1,1,15,0.1557,7,33728.98,False,none,LOW,6289,491,7.81,
2026-05-19T09:49:00Z,1121,9,49,11,0,1,10,0.0577,8,25845.96,False,none,LOW,6300,491,7.79,
2026-05-19T09:50:00Z,1122,9,50,18,0,0,18,0.3044,6,6845.77,False,none,LOW,6318,491,7.77,
2026-05-19T09:51:00Z,1123,9,51,8,0,0,8,0.3071,9,13469.31,False,none,LOW,6326,491,7.76,
2026-05-19T09:52:00Z,1124,9,52,7,0,1,6,0.1825,8,12050.29,False,none,LOW,6333,491,7.75,
2026-05-19T09:53:00Z,1125,9,53,11,0,2,9,0.251,2,28911.66,False,none,LOW,6344,491,7.74,
2026-05-19T09:54:00Z,1126,9,54,14,1,0,13,0.1144,8,2287.79,False,none,LOW,6358,492,7.74,
2026-05-19T09:55:00Z,1127,9,55,17,1,0,16,0.2247,8,31398.66,False,none,LOW,6375,493,7.73,
2026-05-19T09:56:00Z,1128,9,56,6,1,0,5,0.3076,7,28475.06,False,none,LOW,6381,494,7.74,
2026-05-19T09:57:00Z,1129,9,57,7,0,1,6,0.2937,8,3624.97,False,none,LOW,6388,494,7.73,
2026-05-19T09:58:00Z,1130,9,58,11,0,1,10,0.2647,7,4979.91,False,none,LOW,6399,494,7.72,
2026-05-19T09:59:00Z,1131,9,59,11,1,1,9,0.2084,6,12577.3,False,none,LOW,6410,495,7.72,
2026-05-19T10:00:00Z,1132,10,0,13,0,1,12,0.1159,2,14883.33,False,none,LOW,6423,495,7.71,
2026-05-19T10:01:00Z,1133,10,1,15,0,0,15,0.3049,6,8825.69,False,none,LOW,6438,495,7.69,
2026-05-19T10:02:00Z,1134,10,2,18,0,0,18,0.1319,2,6784.96,False,none,LOW,6456,495,7.67,
2026-05-19T10:03:00Z,1135,10,3,15,0,0,15,0.2858,6,3932.0,False,none,LOW,6471,495,7.65,
2026-05-19T10:04:00Z,1136,10,4,15,0,1,14,0.2182,6,3526.97,False,none,LOW,6486,495,7.63,
2026-05-19T10:05:00Z,1137,10,5,11,0,1,10,0.3443,9,29585.76,False,none,LOW,6497,495,7.62,
2026-05-19T10:06:00Z,1138,10,6,9,0,0,9,0.0855,9,26461.57,False,none,LOW,6506,495,7.61,
2026-05-19T10:07:00Z,1139,10,7,11,0,1,10,0.2514,3,14597.07,False,none,LOW,6517,495,7.6,
2026-05-19T10:08:00Z,1140,10,8,16,0,0,16,0.1878,2,28121.04,False,none,LOW,6533,495,7.58,
2026-05-19T10:09:00Z,1141,10,9,12,0,0,12,0.1478,8,11991.46,False,none,LOW,6545,495,7.56,
2026-05-19T10:10:00Z,1142,10,10,13,0,0,13,0.1612,8,27757.99,False,none,LOW,6558,495,7.55,
2026-05-19T10:11:00Z,1143,10,11,9,1,0,8,0.2363,6,24280.35,False,none,LOW,6567,496,7.55,
2026-05-19T10:12:00Z,1144,10,12,9,0,0,9,0.6441,7,187753.46,True,amount_spike,HIGH,6576,496,7.54,"Amount Spike — abnormal USD volume, possible wire fraud"
2026-05-19T10:13:00Z,1145,10,13,12,1,1,10,0.2019,7,3286.65,False,none,LOW,6588,497,7.54,
2026-05-19T10:14:00Z,1146,10,14,13,0,4,9,0.2245,7,26887.5,False,none,LOW,6601,497,7.53,
2026-05-19T10:15:00Z,1147,10,15,8,0,0,8,0.1093,2,7599.99,False,none,LOW,6609,497,7.52,
2026-05-19T10:16:00Z,1148,10,16,12,0,0,12,0.636,21,26778.5,True,risk_surge,HIGH,6621,497,7.51,Risk Surge — device or IP clustering detected
2026-05-19T10:17:00Z,1149,10,17,13,2,2,9,0.0996,3,32901.67,False,none,LOW,6634,499,7.52,
2026-05-19T10:18:00Z,1150,10,18,8,0,0,8,0.3201,7,5608.75,False,none,LOW,6642,499,7.51,
2026-05-19T10:19:00Z,1151,10,19,8,1,0,7,0.2517,2,15159.25,False,none,LOW,6650,500,7.52,
2026-05-19T10:20:00Z,1152,10,20,16,0,1,15,0.2129,5,3997.4,False,none,LOW,6666,500,7.5,
2026-05-19T10:21:00Z,1153,10,21,11,0,1,10,0.1326,7,5333.16,False,none,LOW,6677,500,7.49,
2026-05-19T10:22:00Z,1154,10,22,13,0,0,13,0.4546,3,121105.73,True,amount_spike,MEDIUM,6690,500,7.47,"Amount Spike — abnormal USD volume, possible wire fraud"
2026-05-19T10:23:00Z,1155,10,23,17,0,0,17,0.3378,6,15998.94,False,none,LOW,6707,500,7.45,
2026-05-19T10:24:00Z,1156,10,24,11,1,0,10,0.1703,9,12162.03,False,none,LOW,6718,501,7.46,
2026-05-19T10:25:00Z,1157,10,25,14,1,2,11,0.1392,1,11838.7,False,none,LOW,6732,502,7.46,
2026-05-19T10:26:00Z,1158,10,26,17,0,1,16,0.156,5,11043.87,False,none,LOW,6749,502,7.44,
2026-05-19T10:27:00Z,1159,10,27,16,0,0,16,0.1909,8,10442.12,False,none,LOW,6765,502,7.42,
2026-05-19T10:28:00Z,1160,10,28,16,0,1,15,0.1378,2,7438.57,False,none,LOW,6781,502,7.4,
2026-05-19T10:29:00Z,1161,10,29,14,0,0,14,0.3338,4,25675.74,False,none,LOW,6795,502,7.39,
2026-05-19T10:30:00Z,1162,10,30,15,1,0,14,0.248,5,19913.56,False,none,LOW,6810,503,7.39,
2026-05-19T10:31:00Z,1163,10,31,11,1,2,8,0.1645,2,13547.47,False,none,LOW,6821,504,7.39,
2026-05-19T10:32:00Z,1164,10,32,13,1,0,12,0.1938,4,10766.89,False,none,LOW,6834,505,7.39,
2026-05-19T10:33:00Z,1165,10,33,10,1,0,9,0.1573,9,17494.62,False,none,LOW,6844,506,7.39,
2026-05-19T10:34:00Z,1166,10,34,14,0,1,13,0.0883,2,9360.68,False,none,LOW,6858,506,7.38,
2026-05-19T10:35:00Z,1167,10,35,11,0,1,10,0.1403,2,5200.39,False,none,LOW,6869,506,7.37,
2026-05-19T10:36:00Z,1168,10,36,9,0,1,8,0.3189,4,3961.2,False,none,LOW,6878,506,7.36,
2026-05-19T10:37:00Z,1169,10,37,17,0,0,17,0.0969,7,21583.64,False,none,LOW,6895,506,7.34,
2026-05-19T10:38:00Z,1170,10,38,20,1,0,19,0.148,9,21857.69,False,none,LOW,6915,507,7.33,
2026-05-19T10:39:00Z,1171,10,39,8,1,1,6,0.0882,1,22934.7,False,none,LOW,6923,508,7.34,
2026-05-19T10:40:00Z,1172,10,40,14,2,2,10,0.2058,7,21432.28,False,none,LOW,6937,510,7.35,
2026-05-19T10:41:00Z,1173,10,41,18,1,0,17,0.1564,1,26679.78,False,none,LOW,6955,511,7.35,
2026-05-19T10:42:00Z,1174,10,42,14,0,0,14,0.31,3,3841.62,False,none,LOW,6969,511,7.33,
2026-05-19T10:43:00Z,1175,10,43,21,0,1,20,0.2075,3,13989.68,False,none,LOW,6990,511,7.31,
2026-05-19T10:44:00Z,1176,10,44,20,1,0,19,0.1885,9,9065.17,False,none,LOW,7010,512,7.3,
2026-05-19T10:45:00Z,1177,10,45,14,0,0,14,0.2893,1,19587.67,False,none,LOW,7024,512,7.29,
2026-05-19T10:46:00Z,1178,10,46,12,0,1,11,0.1148,8,2894.72,False,none,LOW,7036,512,7.28,
2026-05-19T10:47:00Z,1179,10,47,13,0,0,13,0.1717,7,18844.07,False,none,LOW,7049,512,7.26,
2026-05-19T10:48:00Z,1180,10,48,9,0,1,8,0.2146,6,22620.32,False,none,LOW,7058,512,7.25,
2026-05-19T10:49:00Z,1181,10,49,14,1,2,11,0.1792,5,14766.66,False,none,LOW,7072,513,7.25,
2026-05-19T10:50:00Z,1182,10,50,10,1,0,9,0.2355,2,30207.23,False,none,LOW,7082,514,7.26,
2026-05-19T10:51:00Z,1183,10,51,10,0,2,8,0.3213,7,23182.48,False,none,LOW,7092,514,7.25,
2026-05-19T10:52:00Z,1184,10,52,9,0,0,9,0.0995,6,2509.69,False,none,LOW,7101,514,7.24,
2026-05-19T10:53:00Z,1185,10,53,14,5,0,9,0.7534,36,69383.66,True,burst,CRITICAL,7115,519,7.29,Velocity Burst — possible card testing or account takeover
2026-05-19T10:54:00Z,1186,10,54,24,1,1,22,0.0801,4,34209.88,False,none,LOW,7139,520,7.28,
2026-05-19T10:55:00Z,1187,10,55,10,0,0,10,0.1406,6,5299.27,False,none,LOW,7149,520,7.27,
2026-05-19T10:56:00Z,1188,10,56,16,1,1,14,0.5467,5,283303.42,True,amount_spike,MEDIUM,7165,521,7.27,"Amount Spike — abnormal USD volume, possible wire fraud"
2026-05-19T10:57:00Z,1189,10,57,12,0,1,11,0.1982,6,20301.71,False,none,LOW,7177,521,7.26,
2026-05-19T10:58:00Z,1190,10,58,12,0,1,11,0.1567,4,27934.07,False,none,LOW,7189,521,7.25,
2026-05-19T10:59:00Z,1191,10,59,12,0,1,11,0.1396,1,34785.5,False,none,LOW,7201,521,7.24,
2026-05-19T11:00:00Z,1192,11,0,11,1,2,8,0.6525,8,178042.14,True,amount_spike,HIGH,7212,522,7.24,"Amount Spike — abnormal USD volume, possible wire fraud"
2026-05-19T11:01:00Z,1193,11,1,16,0,0,16,0.1985,2,9105.46,False,none,LOW,7228,522,7.22,
2026-05-19T11:02:00Z,1194,11,2,12,1,2,9,0.1671,8,3485.8,False,none,LOW,7240,523,7.22,
2026-05-19T11:03:00Z,1195,11,3,14,0,2,12,0.2976,7,2721.87,False,none,LOW,7254,523,7.21,
2026-05-19T11:04:00Z,1196,11,4,5,1,1,3,0.1757,7,26017.39,False,none,LOW,7259,524,7.22,
2026-05-19T11:05:00Z,1197,11,5,15,0,0,15,0.3134,1,25710.94,False,none,LOW,7274,524,7.2,
2026-05-19T11:06:00Z,1198,11,6,7,0,1,6,0.3132,7,24943.44,False,none,LOW,7281,524,7.2,
2026-05-19T11:07:00Z,1199,11,7,12,0,0,12,0.1074,9,34749.47,False,none,LOW,7293,524,7.18,
2026-05-19T11:08:00Z,1200,11,8,19,2,0,17,0.2606,4,14318.65,False,none,LOW,7312,526,7.19,
2026-05-19T11:09:00Z,1201,11,9,17,0,0,17,0.1685,9,32207.58,False,none,LOW,7329,526,7.18,
2026-05-19T11:10:00Z,1202,11,10,7,1,1,5,0.1782,8,29198.12,False,none,LOW,7336,527,7.18,
2026-05-19T11:11:00Z,1203,11,11,14,0,0,14,0.2391,3,13268.71,False,none,LOW,7350,527,7.17,
2026-05-19T11:12:00Z,1204,11,12,14,0,0,14,0.0913,6,29734.33,False,none,LOW,7364,527,7.16,
2026-05-19T11:13:00Z,1205,11,13,19,7,1,11,0.6536,27,74943.35,True,burst,HIGH,7383,534,7.23,Velocity Burst — possible card testing or account takeover
2026-05-19T11:14:00Z,1206,11,14,6,0,0,6,0.0999,2,18400.0,False,none,LOW,7389,534,7.23,
2026-05-19T11:15:00Z,1207,11,15,10,0,0,10,0.2435,6,10281.84,False,none,LOW,7399,534,7.22,
2026-05-19T11:16:00Z,1208,11,16,14,0,2,12,0.7988,17,16041.58,True,risk_surge,HIGH,7413,534,7.2,Risk Surge — device or IP clustering detected
2026-05-19T11:17:00Z,1209,11,17,14,0,1,13,0.2902,3,20445.58,False,none,LOW,7427,534,7.19,
2026-05-19T11:18:00Z,1210,11,18,9,0,0,9,0.2109,1,17463.96,False,none,LOW,7436,534,7.18,
2026-05-19T11:19:00Z,1211,11,19,17,0,0,17,0.1287,6,7081.23,False,none,LOW,7453,534,7.16,
2026-05-19T11:20:00Z,1212,11,20,14,1,0,13,0.1946,9,33564.26,False,none,LOW,7467,535,7.16,
2026-05-19T11:21:00Z,1213,11,21,10,0,0,10,0.0805,6,33661.2,False,none,LOW,7477,535,7.16,
2026-05-19T11:22:00Z,1214,11,22,15,0,1,14,0.2079,7,2101.56,False,none,LOW,7492,535,7.14,
2026-05-19T11:23:00Z,1215,11,23,14,1,4,9,0.1991,2,32282.0,False,none,LOW,7506,536,7.14,
2026-05-19T11:24:00Z,1216,11,24,16,0,0,16,0.2056,1,33720.58,False,none,LOW,7522,536,7.13,
2026-05-19T11:25:00Z,1217,11,25,12,0,0,12,0.3202,1,27494.63,False,none,LOW,7534,536,7.11,
2026-05-19T11:26:00Z,1218,11,26,14,2,1,11,0.2022,8,21648.08,False,none,LOW,7548,538,7.13,
2026-05-19T11:27:00Z,1219,11,27,11,0,0,11,0.0621,2,16162.86,False,none,LOW,7559,538,7.12,
2026-05-19T11:28:00Z,1220,11,28,11,0,0,11,0.0689,9,25118.99,False,none,LOW,7570,538,7.11,
2026-05-19T11:29:00Z,1221,11,29,15,0,2,13,0.6114,12,33329.88,True,risk_surge,HIGH,7585,538,7.09,Risk Surge — device or IP clustering detected
2026-05-19T11:30:00Z,1222,11,30,10,0,0,10,0.1422,1,22170.53,False,none,LOW,7595,538,7.08,
2026-05-19T11:31:00Z,1223,11,31,9,1,2,6,0.1736,4,8736.14,False,none,LOW,7604,539,7.09,
2026-05-19T11:32:00Z,1224,11,32,15,0,2,13,0.1672,7,2890.14,False,none,LOW,7619,539,7.07,
2026-05-19T11:33:00Z,1225,11,33,16,1,0,15,0.3331,5,20179.47,False,none,LOW,7635,540,7.07,
2026-05-19T11:34:00Z,1226,11,34,10,0,0,10,0.1243,6,9578.5,False,none,LOW,7645,540,7.06,
2026-05-19T11:35:00Z,1227,11,35,7,0,3,4,0.1237,1,22586.47,False,none,LOW,7652,540,7.06,
2026-05-19T11:36:00Z,1228,11,36,8,0,2,6,0.1722,3,32201.41,False,none,LOW,7660,540,7.05,
2026-05-19T11:37:00Z,1229,11,37,15,1,0,14,0.0641,1,2934.27,False,none,LOW,7675,541,7.05,
2026-05-19T11:38:00Z,1230,11,38,7,0,0,7,0.3467,2,17863.57,False,none,LOW,7682,541,7.04,
2026-05-19T11:39:00Z,1231,11,39,13,0,0,13,0.1425,8,26055.18,False,none,LOW,7695,541,7.03,
2026-05-19T11:40:00Z,1232,11,40,13,0,1,12,0.1125,5,25329.15,False,none,LOW,7708,541,7.02,
2026-05-19T11:41:00Z,1233,11,41,14,0,0,14,0.2044,1,29179.56,False,none,LOW,7722,541,7.01,
2026-05-19T11:42:00Z,1234,11,42,11,1,1,9,0.1777,2,5202.61,False,none,LOW,7733,542,7.01,
2026-05-19T11:43:00Z,1235,11,43,16,2,0,14,0.1511,9,19650.51,False,none,LOW,7749,544,7.02,
2026-05-19T11:44:00Z,1236,11,44,6,0,0,6,0.1032,5,22450.69,False,none,LOW,7755,544,7.01,
2026-05-19T11:45:00Z,1237,11,45,15,1,1,13,0.2952,2,29783.14,False,none,LOW,7770,545,7.01,
2026-05-19T11:46:00Z,1238,11,46,6,1,0,5,0.3453,5,12202.92,False,none,LOW,7776,546,7.02,
2026-05-19T11:47:00Z,1239,11,47,12,0,0,12,0.1521,8,11406.69,False,none,LOW,7788,546,7.01,
2026-05-19T11:48:00Z,1240,11,48,9,1,0,8,0.1071,4,16392.25,False,none,LOW,7797,547,7.02,
2026-05-19T11:49:00Z,1241,11,49,11,2,3,6,0.3492,7,25199.73,False,none,LOW,7808,549,7.03,
2026-05-19T11:50:00Z,1242,11,50,13,0,1,12,0.1991,1,22977.57,False,none,LOW,7821,549,7.02,
2026-05-19T11:51:00Z,1243,11,51,8,1,0,7,0.0835,6,31434.0,False,none,LOW,7829,550,7.03,
2026-05-19T11:52:00Z,1244,11,52,12,0,1,11,0.1798,4,34961.97,False,none,LOW,7841,550,7.01,
2026-05-19T11:53:00Z,1245,11,53,11,0,0,11,0.2786,8,13259.79,False,none,LOW,7852,550,7.0,
2026-05-19T11:54:00Z,1246,11,54,8,0,0,8,0.2002,4,11156.15,False,none,LOW,7860,550,7.0,
2026-05-19T11:55:00Z,1247,11,55,11,1,0,10,0.0652,4,13538.05,False,none,LOW,7871,551,7.0,
2026-05-19T11:56:00Z,1248,11,56,16,0,1,15,0.3033,1,17902.46,False,none,LOW,7887,551,6.99,
2026-05-19T11:57:00Z,1249,11,57,26,0,0,26,0.3189,9,11159.65,False,none,LOW,7913,551,6.96,
2026-05-19T11:58:00Z,1250,11,58,16,0,1,15,0.0962,2,23891.54,False,none,LOW,7929,551,6.95,
2026-05-19T11:59:00Z,1251,11,59,20,0,0,20,0.346,7,25772.0,False,none,LOW,7949,551,6.93,
2026-05-19T12:00:00Z,1252,12,0,13,0,0,13,0.0564,3,9501.18,False,none,LOW,7962,551,6.92,
2026-05-19T12:01:00Z,1253,12,1,8,0,0,8,0.3211,7,9463.92,False,none,LOW,7970,551,6.91,
2026-05-19T12:02:00Z,1254,12,2,16,0,0,16,0.28,5,8768.97,False,none,LOW,7986,551,6.9,
2026-05-19T12:03:00Z,1255,12,3,12,1,0,11,0.319,7,6818.23,False,none,LOW,7998,552,6.9,
2026-05-19T12:04:00Z,1256,12,4,5,0,0,5,0.1635,9,9071.9,False,none,LOW,8003,552,6.9,
2026-05-19T12:05:00Z,1257,12,5,19,1,2,16,0.1154,8,34017.36,False,none,LOW,8022,553,6.89,
2026-05-19T12:06:00Z,1258,12,6,19,0,0,19,0.2147,7,5614.16,False,none,LOW,8041,553,6.88,
2026-05-19T12:07:00Z,1259,12,7,9,1,0,8,0.2688,6,16713.79,False,none,LOW,8050,554,6.88,
2026-05-19T12:08:00Z,1260,12,8,15,0,0,15,0.146,7,5984.5,False,none,LOW,8065,554,6.87,
2026-05-19T12:09:00Z,1261,12,9,13,1,1,11,0.1946,7,18878.36,False,none,LOW,8078,555,6.87,
2026-05-19T12:10:00Z,1262,12,10,8,0,2,6,0.0993,8,31091.82,False,none,LOW,8086,555,6.86,
2026-05-19T12:11:00Z,1263,12,11,11,2,0,9,0.1948,4,9236.3,False,none,LOW,8097,557,6.88,
2026-05-19T12:12:00Z,1264,12,12,12,1,0,11,0.2095,8,2474.05,False,none,LOW,8109,558,6.88,
2026-05-19T12:13:00Z,1265,12,13,15,0,0,15,0.2043,3,31756.84,False,none,LOW,8124,558,6.87,
2026-05-19T12:14:00Z,1266,12,14,5,1,0,4,0.075,2,3319.41,False,none,LOW,8129,559,6.88,
2026-05-19T12:15:00Z,1267,12,15,26,0,2,24,0.1173,5,18913.96,False,none,LOW,8155,559,6.85,
2026-05-19T12:16:00Z,1268,12,16,11,0,0,11,0.0884,7,22640.78,False,none,LOW,8166,559,6.85,
2026-05-19T12:17:00Z,1269,12,17,10,0,1,9,0.2969,2,22810.4,False,none,LOW,8176,559,6.84,
2026-05-19T12:18:00Z,1270,12,18,17,0,1,16,0.2596,6,19880.15,False,none,LOW,8193,559,6.82,
2026-05-19T12:19:00Z,1271,12,19,7,5,0,2,0.7508,26,156476.28,True,burst,HIGH,8200,564,6.88,Velocity Burst — possible card testing or account takeover
2026-05-19T12:20:00Z,1272,12,20,12,0,2,10,0.2854,3,18195.19,False,none,LOW,8212,564,6.87,
2026-05-19T12:21:00Z,1273,12,21,11,1,0,10,0.2502,8,5797.95,False,none,LOW,8223,565,6.87,
2026-05-19T12:22:00Z,1274,12,22,15,1,0,14,0.205,3,28946.59,False,none,LOW,8238,566,6.87,
2026-05-19T12:23:00Z,1275,12,23,11,0,1,10,0.2887,9,33492.26,False,none,LOW,8249,566,6.86,
2026-05-19T12:24:00Z,1276,12,24,9,0,0,9,0.3105,8,7828.44,False,none,LOW,8258,566,6.85,
2026-05-19T12:25:00Z,1277,12,25,19,0,0,19,0.1511,4,17362.77,False,none,LOW,8277,566,6.84,
2026-05-19T12:26:00Z,1278,12,26,13,0,0,13,0.0961,8,11089.36,False,none,LOW,8290,566,6.83,
2026-05-19T12:27:00Z,1279,12,27,13,0,1,12,0.3245,5,8382.23,False,none,LOW,8303,566,6.82,
2026-05-19T12:28:00Z,1280,12,28,7,1,3,3,0.2438,4,22242.52,False,none,LOW,8310,567,6.82,
2026-05-19T12:29:00Z,1281,12,29,6,0,0,6,0.2047,8,13303.52,False,none,LOW,8316,567,6.82,
2026-05-19T12:30:00Z,1282,12,30,14,0,2,12,0.1459,6,32536.09,False,none,LOW,8330,567,6.81,
2026-05-19T12:31:00Z,1283,12,31,14,1,0,13,0.3187,1,24280.23,False,none,LOW,8344,568,6.81,
2026-05-19T12:32:00Z,1284,12,32,11,0,0,11,0.2054,5,13330.63,False,none,LOW,8355,568,6.8,
2026-05-19T12:33:00Z,1285,12,33,9,0,0,9,0.2173,6,16390.57,False,none,LOW,8364,568,6.79,
2026-05-19T12:34:00Z,1286,12,34,11,0,0,11,0.3226,3,3613.72,False,none,LOW,8375,568,6.78,
2026-05-19T12:35:00Z,1287,12,35,14,0,1,13,0.3125,6,7281.76,False,none,LOW,8389,568,6.77,
2026-05-19T12:36:00Z,1288,12,36,17,1,0,16,0.2638,5,27164.45,False,none,LOW,8406,569,6.77,
2026-05-19T12:37:00Z,1289,12,37,14,1,0,13,0.1706,1,13396.02,False,none,LOW,8420,570,6.77,
2026-05-19T12:38:00Z,1290,12,38,17,1,0,16,0.0812,7,15427.09,False,none,LOW,8437,571,6.77,
2026-05-19T12:39:00Z,1291,12,39,15,0,0,15,0.2792,2,2788.91,False,none,LOW,8452,571,6.76,
2026-05-19T12:40:00Z,1292,12,40,17,0,0,17,0.0676,6,33187.74,False,none,LOW,8469,571,6.74,
2026-05-19T12:41:00Z,1293,12,41,14,0,0,14,0.1422,6,22317.55,False,none,LOW,8483,571,6.73,
2026-05-19T12:42:00Z,1294,12,42,9,0,2,7,0.2859,8,12870.52,False,none,LOW,8492,571,6.72,
2026-05-19T12:43:00Z,1295,12,43,10,2,0,8,0.0532,2,19540.08,False,none,LOW,8502,573,6.74,
2026-05-19T12:44:00Z,1296,12,44,16,0,1,15,0.1619,5,27357.22,False,none,LOW,8518,573,6.73,
2026-05-19T12:45:00Z,1297,12,45,15,0,0,15,0.657,4,259031.07,True,amount_spike,HIGH,8533,573,6.72,"Amount Spike — abnormal USD volume, possible wire fraud"
2026-05-19T12:46:00Z,1298,12,46,9,0,0,9,0.234,6,27951.45,False,none,LOW,8542,573,6.71,
2026-05-19T12:47:00Z,1299,12,47,13,0,4,9,0.1183,6,8035.83,False,none,LOW,8555,573,6.7,
2026-05-19T12:48:00Z,1300,12,48,13,0,2,11,0.3157,7,26194.23,False,none,LOW,8568,573,6.69,
2026-05-19T12:49:00Z,1301,12,49,11,4,0,7,0.8621,32,75294.32,True,burst,CRITICAL,8579,577,6.73,Velocity Burst — possible card testing or account takeover
2026-05-19T12:50:00Z,1302,12,50,9,0,0,9,0.2202,4,15668.52,False,none,LOW,8588,577,6.72,
2026-05-19T12:51:00Z,1303,12,51,10,1,0,9,0.6197,7,208863.19,True,amount_spike,HIGH,8598,578,6.72,"Amount Spike — abnormal USD volume, possible wire fraud"
2026-05-19T12:52:00Z,1304,12,52,7,1,1,5,0.0674,8,34110.22,False,none,LOW,8605,579,6.73,
2026-05-19T12:53:00Z,1305,12,53,13,3,0,10,0.8796,24,36223.26,True,burst,CRITICAL,8618,582,6.75,Velocity Burst — possible card testing or account takeover
2026-05-19T12:54:00Z,1306,12,54,9,0,0,9,0.155,5,33812.19,False,none,LOW,8627,582,6.75,
2026-05-19T12:55:00Z,1307,12,55,8,0,0,8,0.2594,7,34825.46,False,none,LOW,8635,582,6.74,
2026-05-19T12:56:00Z,1308,12,56,11,0,0,11,0.1102,6,32539.24,False,none,LOW,8646,582,6.73,
2026-05-19T12:57:00Z,1309,12,57,11,0,1,10,0.1388,8,12752.06,False,none,LOW,8657,582,6.72,
2026-05-19T12:58:00Z,1310,12,58,11,0,1,10,0.1769,6,31432.84,False,none,LOW,8668,582,6.71,
2026-05-19T12:59:00Z,1311,12,59,11,0,2,9,0.3107,9,26541.53,False,none,LOW,8679,582,6.71,
2026-05-19T13:00:00Z,1312,13,0,8,0,2,6,0.2011,7,2104.22,False,none,LOW,8687,582,6.7,
2026-05-19T13:01:00Z,1313,13,1,9,1,1,7,0.0629,8,33809.19,False,none,LOW,8696,583,6.7,
2026-05-19T13:02:00Z,1314,13,2,13,0,1,12,0.2612,5,4806.72,False,none,LOW,8709,583,6.69,
2026-05-19T13:03:00Z,1315,13,3,16,1,0,15,0.2276,4,7952.91,False,none,LOW,8725,584,6.69,
2026-05-19T13:04:00Z,1316,13,4,14,2,0,12,0.0863,8,4676.6,False,none,LOW,8739,586,6.71,
2026-05-19T13:05:00Z,1317,13,5,11,2,1,8,0.1782,8,3891.41,False,none,LOW,8750,588,6.72,
2026-05-19T13:06:00Z,1318,13,6,12,0,1,11,0.156,3,14310.3,False,none,LOW,8762,588,6.71,
2026-05-19T13:07:00Z,1319,13,7,9,0,0,9,0.3016,3,4498.66,False,none,LOW,8771,588,6.7,
2026-05-19T13:08:00Z,1320,13,8,10,0,1,9,0.1293,8,7181.77,False,none,LOW,8781,588,6.7,
2026-05-19T13:09:00Z,1321,13,9,14,1,1,12,0.1133,3,30518.85,False,none,LOW,8795,589,6.7,
2026-05-19T13:10:00Z,1322,13,10,15,1,1,13,0.2015,7,29140.23,False,none,LOW,8810,590,6.7,
2026-05-19T13:11:00Z,1323,13,11,5,0,1,4,0.1708,3,20007.05,False,none,LOW,8815,590,6.69,
2026-05-19T13:12:00Z,1324,13,12,16,1,0,15,0.2635,1,12222.57,False,none,LOW,8831,591,6.69,
2026-05-19T13:13:00Z,1325,13,13,11,0,0,11,0.1574,5,28843.33,False,none,LOW,8842,591,6.68,
2026-05-19T13:14:00Z,1326,13,14,11,0,0,11,0.1477,9,24317.3,False,none,LOW,8853,591,6.68,
2026-05-19T13:15:00Z,1327,13,15,11,0,0,11,0.1347,4,27693.12,False,none,LOW,8864,591,6.67,
2026-05-19T13:16:00Z,1328,13,16,12,0,1,11,0.1615,9,2933.03,False,none,LOW,8876,591,6.66,
2026-05-19T13:17:00Z,1329,13,17,20,0,0,20,0.2087,4,22708.89,False,none,LOW,8896,591,6.64,
2026-05-19T13:18:00Z,1330,13,18,7,0,0,7,0.1294,8,19170.87,False,none,LOW,8903,591,6.64,
2026-05-19T13:19:00Z,1331,13,19,10,2,0,8,0.1086,4,31985.5,False,none,LOW,8913,593,6.65,
2026-05-19T13:20:00Z,1332,13,20,10,1,2,7,0.1316,8,29844.24,False,none,LOW,8923,594,6.66,
2026-05-19T13:21:00Z,1333,13,21,10,0,1,9,0.2988,5,32415.45,False,none,LOW,8933,594,6.65,
2026-05-19T13:22:00Z,1334,13,22,11,0,0,11,0.0504,8,23649.39,False,none,LOW,8944,594,6.64,
2026-05-19T13:23:00Z,1335,13,23,9,5,1,3,0.9311,26,32051.68,True,burst,CRITICAL,8953,599,6.69,Velocity Burst — possible card testing or account takeover
2026-05-19T13:24:00Z,1336,13,24,7,0,0,7,0.1327,3,16582.24,False,none,LOW,8960,599,6.69,
2026-05-19T13:25:00Z,1337,13,25,12,1,0,11,0.3201,5,18048.34,False,none,LOW,8972,600,6.69,
2026-05-19T13:26:00Z,1338,13,26,6,1,0,5,0.2195,8,21115.72,False,none,LOW,8978,601,6.69,
2026-05-19T13:27:00Z,1339,13,27,15,1,0,14,0.1236,1,11507.31,False,none,LOW,8993,602,6.69,
2026-05-19T13:28:00Z,1340,13,28,11,0,1,10,0.1233,5,16462.96,False,none,LOW,9004,602,6.69,
2026-05-19T13:29:00Z,1341,13,29,11,1,0,10,0.8033,17,12425.69,True,risk_surge,CRITICAL,9015,603,6.69,Risk Surge — device or IP clustering detected
2026-05-19T13:30:00Z,1342,13,30,7,1,0,6,0.0938,3,3809.13,False,none,LOW,9022,604,6.69,
2026-05-19T13:31:00Z,1343,13,31,7,0,0,7,0.2204,8,13504.98,False,none,LOW,9029,604,6.69,
2026-05-19T13:32:00Z,1344,13,32,8,1,0,7,0.2482,6,28685.36,False,none,LOW,9037,605,6.69,
2026-05-19T13:33:00Z,1345,13,33,7,1,1,5,0.238,1,22422.61,False,none,LOW,9044,606,6.7,
2026-05-19T13:34:00Z,1346,13,34,10,0,0,10,0.0713,8,22021.23,False,none,LOW,9054,606,6.69,
2026-05-19T13:35:00Z,1347,13,35,16,1,1,14,0.0718,2,18816.07,False,none,LOW,9070,607,6.69,
2026-05-19T13:36:00Z,1348,13,36,8,0,1,7,0.2204,6,23329.23,False,none,LOW,9078,607,6.69,
2026-05-19T13:37:00Z,1349,13,37,11,0,0,11,0.1542,4,22122.73,False,none,LOW,9089,607,6.68,
2026-05-19T13:38:00Z,1350,13,38,8,8,0,0,0.8368,22,39293.08,True,burst,CRITICAL,9097,615,6.76,Velocity Burst — possible card testing or account takeover
2026-05-19T13:39:00Z,1351,13,39,7,0,2,5,0.1413,7,13495.21,False,none,LOW,9104,615,6.76,
2026-05-19T13:40:00Z,1352,13,40,11,0,0,11,0.0903,9,15206.58,False,none,LOW,9115,615,6.75,
2026-05-19T13:41:00Z,1353,13,41,5,0,0,5,0.693,4,272901.54,True,amount_spike,HIGH,9120,615,6.74,"Amount Spike — abnormal USD volume, possible wire fraud"
2026-05-19T13:42:00Z,1354,13,42,11,0,1,10,0.1033,5,28245.82,False,none,LOW,9131,615,6.74,
2026-05-19T13:43:00Z,1355,13,43,11,0,2,9,0.7173,17,7577.28,True,risk_surge,HIGH,9142,615,6.73,Risk Surge — device or IP clustering detected
2026-05-19T13:44:00Z,1356,13,44,4,0,0,4,0.3232,2,3676.59,False,none,LOW,9146,615,6.72,
2026-05-19T13:45:00Z,1357,13,45,17,0,0,17,0.071,4,18768.18,False,none,LOW,9163,615,6.71,
2026-05-19T13:46:00Z,1358,13,46,14,0,0,14,0.2316,3,23992.93,False,none,LOW,9177,615,6.7,
2026-05-19T13:47:00Z,1359,13,47,15,0,1,14,0.3413,4,25424.3,False,none,LOW,9192,615,6.69,
2026-05-19T13:48:00Z,1360,13,48,9,1,2,6,0.1088,5,33660.68,False,none,LOW,9201,616,6.69,
2026-05-19T13:49:00Z,1361,13,49,17,0,0,17,0.1798,2,28340.5,False,none,LOW,9218,616,6.68,
2026-05-19T13:50:00Z,1362,13,50,5,0,0,5,0.0672,7,8617.45,False,none,LOW,9223,616,6.68,
2026-05-19T13:51:00Z,1363,13,51,6,0,0,6,0.2494,4,21421.23,False,none,LOW,9229,616,6.67,
2026-05-19T13:52:00Z,1364,13,52,10,1,1,8,0.3286,4,16089.96,False,none,LOW,9239,617,6.68,
2026-05-19T13:53:00Z,1365,13,53,15,1,0,14,0.0558,4,34287.29,False,none,LOW,9254,618,6.68,
2026-05-19T13:54:00Z,1366,13,54,11,0,0,11,0.2824,9,8620.04,False,none,LOW,9265,618,6.67,
2026-05-19T13:55:00Z,1367,13,55,9,1,1,7,0.2364,9,24246.21,False,none,LOW,9274,619,6.67,
2026-05-19T13:56:00Z,1368,13,56,10,0,1,9,0.1316,5,9093.19,False,none,LOW,9284,619,6.67,
2026-05-19T13:57:00Z,1369,13,57,10,2,1,7,0.2123,7,7925.96,False,none,LOW,9294,621,6.68,
2026-05-19T13:58:00Z,1370,13,58,12,1,0,11,0.1708,3,13275.21,False,none,LOW,9306,622,6.68,
2026-05-19T13:59:00Z,1371,13,59,17,1,0,16,0.2386,5,18772.36,False,none,LOW,9323,623,6.68,
2026-05-19T14:00:00Z,1372,14,0,16,0,0,16,0.2151,8,15983.1,False,none,LOW,9339,623,6.67,
2026-05-19T14:01:00Z,1373,14,1,11,0,0,11,0.1459,9,8997.01,False,none,LOW,9350,623,6.66,
2026-05-19T14:02:00Z,1374,14,2,15,0,0,15,0.3001,2,30826.42,False,none,LOW,9365,623,6.65,
2026-05-19T14:03:00Z,1375,14,3,3,1,0,2,0.2785,2,21123.52,False,none,LOW,9368,624,6.66,
2026-05-19T14:04:00Z,1376,14,4,13,0,1,12,0.2848,7,30929.15,False,none,LOW,9381,624,6.65,
2026-05-19T14:05:00Z,1377,14,5,10,0,0,10,0.1608,8,23955.61,False,none,LOW,9391,624,6.64,
2026-05-19T14:06:00Z,1378,14,6,7,0,0,7,0.2001,3,24588.29,False,none,LOW,9398,624,6.64,
2026-05-19T14:07:00Z,1379,14,7,6,0,0,6,0.1978,4,25768.39,False,none,LOW,9404,624,6.64,
2026-05-19T14:08:00Z,1380,14,8,4,0,1,3,0.0773,9,17537.19,False,none,LOW,9408,624,6.63,
2026-05-19T14:09:00Z,1381,14,9,11,0,1,10,0.2633,5,31024.01,False,none,LOW,9419,624,6.62,
2026-05-19T14:10:00Z,1382,14,10,13,0,0,13,0.2555,5,32115.3,False,none,LOW,9432,624,6.62,
2026-05-19T14:11:00Z,1383,14,11,15,0,1,14,0.1947,7,16291.39,False,none,LOW,9447,624,6.61,
2026-05-19T14:12:00Z,1384,14,12,8,5,1,2,0.6612,30,77496.15,True,burst,CRITICAL,9455,629,6.65,Velocity Burst — possible card testing or account takeover
2026-05-19T14:13:00Z,1385,14,13,6,1,1,4,0.2386,9,23538.37,False,none,LOW,9461,630,6.66,
2026-05-19T14:14:00Z,1386,14,14,10,0,0,10,0.3284,7,18376.1,False,none,LOW,9471,630,6.65,
2026-05-19T14:15:00Z,1387,14,15,18,1,0,17,0.075,9,33902.55,False,none,LOW,9489,631,6.65,
2026-05-19T14:16:00Z,1388,14,16,7,1,0,6,0.0532,6,25903.43,False,none,LOW,9496,632,6.66,
2026-05-19T14:17:00Z,1389,14,17,13,1,0,12,0.1811,2,34686.69,False,none,LOW,9509,633,6.66,
2026-05-19T14:18:00Z,1390,14,18,7,0,1,6,0.3204,9,26965.99,False,none,LOW,9516,633,6.65,
2026-05-19T14:19:00Z,1391,14,19,15,0,0,15,0.3132,4,32369.99,False,none,LOW,9531,633,6.64,
2026-05-19T14:20:00Z,1392,14,20,8,0,0,8,0.2519,1,6676.19,False,none,LOW,9539,633,6.64,
2026-05-19T14:21:00Z,1393,14,21,5,0,2,3,0.3096,3,27164.0,False,none,LOW,9544,633,6.63,
2026-05-19T14:22:00Z,1394,14,22,15,1,0,14,0.07,9,32314.6,False,none,LOW,9559,634,6.63,
2026-05-19T14:23:00Z,1395,14,23,9,0,1,8,0.3291,6,21467.6,False,none,LOW,9568,634,6.63,
2026-05-19T14:24:00Z,1396,14,24,6,0,1,5,0.0502,3,22733.43,False,none,LOW,9574,634,6.62,
2026-05-19T14:25:00Z,1397,14,25,14,0,1,13,0.0792,5,19655.3,False,none,LOW,9588,634,6.61,
2026-05-19T14:26:00Z,1398,14,26,11,0,0,11,0.1057,3,16461.19,False,none,LOW,9599,634,6.6,
2026-05-19T14:27:00Z,1399,14,27,12,0,0,12,0.2046,1,32563.97,False,none,LOW,9611,634,6.6,
2026-05-19T14:28:00Z,1400,14,28,8,0,1,7,0.1959,9,34615.39,False,none,LOW,9619,634,6.59,
2026-05-19T14:29:00Z,1401,14,29,15,0,0,15,0.3156,3,15855.85,False,none,LOW,9634,634,6.58,
2026-05-19T14:30:00Z,1402,14,30,9,0,0,9,0.1189,1,27800.3,False,none,LOW,9643,634,6.57,
2026-05-19T14:31:00Z,1403,14,31,9,0,1,8,0.1843,5,21674.01,False,none,LOW,9652,634,6.57,
2026-05-19T14:32:00Z,1404,14,32,16,0,0,16,0.1608,9,24837.12,False,none,LOW,9668,634,6.56,
2026-05-19T14:33:00Z,1405,14,33,8,0,0,8,0.3439,7,19725.08,False,none,LOW,9676,634,6.55,
2026-05-19T14:34:00Z,1406,14,34,11,0,0,11,0.347,6,12507.46,False,none,LOW,9687,634,6.54,
2026-05-19T14:35:00Z,1407,14,35,11,0,2,9,0.31,5,25698.21,False,none,LOW,9698,634,6.54,
2026-05-19T14:36:00Z,1408,14,36,6,1,1,4,0.2857,2,34628.73,False,none,LOW,9704,635,6.54,
2026-05-19T14:37:00Z,1409,14,37,13,7,0,6,0.7563,35,71748.98,True,burst,CRITICAL,9717,642,6.61,Velocity Burst — possible card testing or account takeover
2026-05-19T14:38:00Z,1410,14,38,14,0,0,14,0.1587,1,19762.66,False,none,LOW,9731,642,6.6,
2026-05-19T14:39:00Z,1411,14,39,5,0,0,5,0.3015,5,5385.2,False,none,LOW,9736,642,6.59,
2026-05-19T14:40:00Z,1412,14,40,13,0,2,11,0.4593,1,247415.21,True,amount_spike,MEDIUM,9749,642,6.59,"Amount Spike — abnormal USD volume, possible wire fraud"
2026-05-19T14:41:00Z,1413,14,41,7,0,0,7,0.1209,2,24170.9,False,none,LOW,9756,642,6.58,
2026-05-19T14:42:00Z,1414,14,42,13,0,0,13,0.0544,2,4621.88,False,none,LOW,9769,642,6.57,
2026-05-19T14:43:00Z,1415,14,43,8,0,1,7,0.0584,7,16580.25,False,none,LOW,9777,642,6.57,
2026-05-19T14:44:00Z,1416,14,44,3,0,0,3,0.3278,1,10647.06,False,none,LOW,9780,642,6.56,
2026-05-19T14:45:00Z,1417,14,45,7,0,0,7,0.1423,3,26367.85,False,none,LOW,9787,642,6.56,
2026-05-19T14:46:00Z,1418,14,46,11,0,0,11,0.2539,2,34686.9,False,none,LOW,9798,642,6.55,
2026-05-19T14:47:00Z,1419,14,47,6,0,0,6,0.1292,1,5339.8,False,none,LOW,9804,642,6.55,
2026-05-19T14:48:00Z,1420,14,48,9,0,1,8,0.1553,3,13215.36,False,none,LOW,9813,642,6.54,
2026-05-19T14:49:00Z,1421,14,49,8,0,0,8,0.2002,9,26614.1,False,none,LOW,9821,642,6.54,
2026-05-19T14:50:00Z,1422,14,50,12,0,0,12,0.2297,2,3404.79,False,none,LOW,9833,642,6.53,
2026-05-19T14:51:00Z,1423,14,51,12,1,1,10,0.5563,2,222417.62,True,amount_spike,MEDIUM,9845,643,6.53,"Amount Spike — abnormal USD volume, possible wire fraud"
2026-05-19T14:52:00Z,1424,14,52,9,1,1,7,0.1925,2,24899.54,False,none,LOW,9854,644,6.54,
2026-05-19T14:53:00Z,1425,14,53,13,0,1,12,0.2467,3,26262.46,False,none,LOW,9867,644,6.53,
2026-05-19T14:54:00Z,1426,14,54,5,0,0,5,0.0512,4,9934.73,False,none,LOW,9872,644,6.52,
2026-05-19T14:55:00Z,1427,14,55,5,0,0,5,0.1632,1,34659.57,False,none,LOW,9877,644,6.52,
2026-05-19T14:56:00Z,1428,14,56,10,1,0,9,0.2122,5,17047.71,False,none,LOW,9887,645,6.52,
2026-05-19T14:57:00Z,1429,14,57,6,0,1,5,0.2913,7,29455.35,False,none,LOW,9893,645,6.52,
2026-05-19T14:58:00Z,1430,14,58,5,1,0,4,0.321,6,26580.11,False,none,LOW,9898,646,6.53,
2026-05-19T14:59:00Z,1431,14,59,9,0,0,9,0.0806,4,22560.24,False,none,LOW,9907,646,6.52,
2026-05-19T15:00:00Z,1432,15,0,13,0,3,10,0.9211,13,229890.88,True,risk_surge,CRITICAL,9920,646,6.51,Risk Surge — device or IP clustering detected
2026-05-19T15:01:00Z,1433,15,1,9,0,0,9,0.2404,1,21142.28,False,none,LOW,9929,646,6.51,
2026-05-19T15:02:00Z,1434,15,2,10,1,0,9,0.3491,1,5303.08,False,none,LOW,9939,647,6.51,
2026-05-19T15:03:00Z,1435,15,3,11,0,0,11,0.0911,2,32723.69,False,none,LOW,9950,647,6.5,
2026-05-19T15:04:00Z,1436,15,4,11,0,1,10,0.1315,6,11940.38,False,none,LOW,9961,647,6.5,
2026-05-19T15:05:00Z,1437,15,5,10,1,0,9,0.2791,4,30040.97,False,none,LOW,9971,648,6.5,
2026-05-19T15:06:00Z,1438,15,6,10,0,0,10,0.2411,3,16852.08,False,none,LOW,9981,648,6.49,
2026-05-19T15:07:00Z,1439,15,7,7,0,1,6,0.2587,4,5026.7,False,none,LOW,9988,648,6.49,
